#,team_id,code,flag,label,name,name_gr,rank,rating
1,85,,,,паниониос,ΠΑΝΙΩΝΙΟΣ,,
2,240,,,,довер,ΝΤΟΒΕΡ,,
3,343,,,,ейбар,ΕΙΜΠΑΡ,,
4,281,,,,фрайбург,ΦΡΑΙΜΠΟΥΡΓΚ,,
5,315,nt-dresdis,,,динамо дрезден,ΝΤ. ΔΡΕΣΔΗΣ,,
6,294,,,,хофенхейм,ΧΟΦΕΝΧΑΙΜ,,
7,409,,,,,ΦΟΤΖΙΑ,,
8,413,,,,,ΚΑΡΠΙ,,
9,422,,,,,ΛΙΒΟΡΝΟ,,
10,423,,,,,ΠΕΣΚΑΡΑ,,
11,425,,,,,ΠΙΑΤΣΕΝΤΖΑ,,
12,426,,,,,ΡΟΜΠΟΥΡ ΣΙΕΝΑ,,
13,427,,,,,ΚΟΥΝΕΟ,,
14,428,,,,,ΓΚΟΤΖΑΝΟ,,
15,429,,,,,ΝΟΒΑΡΑ,,
16,430,,,,,ΑΡΕΤΣΟ,,
17,431,,,,,ΓΙΟΥΒΕΝΤΟΥΣ U23,,
18,432,,,,,ΠΟΝΤΕΝΤΕΡΑ,,
19,434,,,,,ΑΡΖΑΤΣΕΝΑ,,
20,435,,,,,ΠΡΟ ΠΑΤΡΙΑ,,
21,436,,,,,ΛΟΥΚΕΖΕ,,
22,438,,,,,ΠΙΣΤΟΓΕΖΕ,,
23,439,,,,,ΟΛΜΠΙΑ,,
24,440,,,,,ΑΛΜΠΙΣΟΛΑ,,
25,441,,,,,ΚΑΡΑΡΕΖΕ,,
26,442,,,,,ΒΙΡΤΟΥΣ ΕΝΤΕΛΑ,,
27,443,,,,,ΠΡΟ ΒΕΡΤΣΕΛΙ,,
28,450,,,,,ΜΑΡΣΕΙΓ,,
29,478,,,,,ΣΑΤΟΡΟΥ,,
30,479,,,,,ΟΡΛΕΑΝ,,
31,488,,,,,ΣΑΜΠΛΙ,,
32,493,,,,,ΜΠΟΥΛΟΝ,,
33,496,,,,,ΚΟΝΚΑΡΝΟ,,
34,497,,,,,ΜΠΟΥΡΓΚ,,
35,499,,,,,ΛΕ ΜΑΝ,,
36,503,,,,,ΒΙΛΦΡΑΝΣ,,
37,505,,,,,ΑΒΡΑΝΣ,,
38,509,,,,,ΜΑΤΕΡΣΜΠΟΥΡΓΚ,,
39,517,,,,,ΒΑΚ ΠΕΛΕΤΣ,,
40,518,,,,,ΒΑΚΕΡ ΙΝΣΜΠΡΟΥΚ,,
41,520,,,,,ΣΤ. ΠΟΛΤΕΝ,,
42,522,,,,,ΛΑΦΝΙΤΣ,,
43,524,,,,,FC ΤΖΟΥΝΙΟΡΣ ΟΟ,,
44,526,,,,,ΒΑΚΕΡ ΙΝΣΜΠΡΟΥΚ ΙΙ,,
45,527,,,,,ΑΟΥΣΤΡΙΑ ΙΙ,,
46,529,,,,,ΑΟΥΣΤΡΙΑ ΛΟΥΣΤ.,,
47,531,,,,,ΦΟΡΒΑΤΣ ΣΤΕΙΡ,,
48,532,,,,,ΧΟΡΝ,,
49,533,,,,,ΜΠΛΟΥ ΒΑΙΣ ΛΙΝΤΣ,,
50,534,,,,,ΝΟΙΣΤΑΝΤ,,
51,535,,,,,ΑΜΣΤΕΤΕΝ,,
52,536,,,,,ΛΙΦΕΡΙΝΓΚ,,
53,457,gkingkamp,,,,ΓΚΙΝΓΚΑΜΠ,,
54,462,kaen,,,,ΚΑΕΝ,,
55,472,soso,,,,ΣΟΣΟ,,
56,475,chavri,,,,ΧΑΒΡΗ,,
57,483,pari-fc,,,,ΠΑΡΙ FC,,
58,515,antmira,,,,ΑΝΤΜΙΡΑ,,
59,516,stoyrm-gkrats,,,,ΣΤΟΥΡΜ ΓΚΡΑΤΣ,,
60,512,altach,,,,ΑΛΤΑΧ,,
61,467,oser,,,,ΟΣΕΡ,,
62,459,ntizon,,,,ΝΤΙΖΟΝ,,
63,502,rontez,,,,ΡΟΝΤΕΖ,,
64,492,ntankerk,,,,ΝΤΑΝΚΕΡΚ,,
65,485,nior,,,,ΝΙΟΡ,,
66,414,pantova,,,,ΠΑΝΤΟΒΑ,,
67,437,alesantria,,,,ΑΛΕΣΑΝΤΡΙΑ,,
68,419,peroytzia,,,,ΠΕΡΟΥΤΖΙΑ,,
69,446,ren,,,,ΡΕΝ,,
70,481,lans,,,,ΛΑΝΣ,,
71,511,zaltsmpoyrgk,,,,ΖΑΛΤΣΜΠΟΥΡΓΚ,,
72,514,aoystria,,,,ΑΟΥΣΤΡΙΑ,,
73,525,vatens,,,,ΒΑΤΕΝΣ,,
74,510,lintser,,,,ΛΙΝΤΣΕΡ,,
75,519,rapint,,,,ΡΑΠΙΝΤ,,
76,453,monpelie,,,,ΜΟΝΠΕΛΙΕ,,
77,469,mets,,,,ΜΕΤΣ,,
78,452,lil,,,,ΛΙΛ,,
79,455,strasvoyrgo,,,,ΣΤΡΑΣΒΟΥΡΓΟ,,
80,458,anze,,,,ΑΝΖΕ,,
81,465,sent-etien,,,,ΣΕΝΤ ΕΤΙΕΝ,,
82,484,lorian,,,,ΛΟΡΙΑΝ,,
83,461,nis,,,,ΝΙΣ,,
84,456,rems,,,,ΡΕΜΣ,,
85,449,mpornto,,,,ΜΠΟΡΝΤΟ,,
86,471,klermon,,,,ΚΛΕΡΜΟΝ,,
87,386,kaliari,,,,ΚΑΛΙΑΡΙ,,
88,433,piza,,,,ΠΙΖΑ,,
89,412,verona,,,,ΒΕΡΟΝΑ,,
90,421,tsitantela,,,,ΤΣΙΤΑΝΤΕΛΑ,,
91,513,chartmpergk,,,,ΧΑΡΤΜΠΕΡΓΚ,,
92,482,nansi,,,,ΝΑΝΣΙ,,
93,474,valensien,,,,ΒΑΛΕΝΣΙΕΝ,,
94,405,mpenevento,,,,ΜΠΕΝΕΒΕΝΤΟ,,
95,395,spal,,,,ΣΠΑΛ,,
96,464,nim,,,,ΝΙΜ,,
97,504,po,,,,ΠΟ,,
98,454,monako,,,,ΜΟΝΑΚΟ,,
99,391,oyntineze,,,,ΟΥΝΤΙΝΕΖΕ,,
100,420,askoli,,,,ΑΣΚΟΛΙ,,
101,398,fiorentina,,,,ΦΙΟΡΕΝΤΙΝΑ,,
102,416,kozentsa,,,,ΚΟΖΕΝΤΣΑ,,
103,392,tzenoa,,,,ΤΖΕΝΟΑ,,
104,410,spetsia,,,,ΣΠΕΤΣΙΑ,,
105,399,mpolonia,,,,ΜΠΟΛΟΝΙΑ,,
106,406,krotone,,,,ΚΡΟΤΟΝΕ,,
107,411,mpresia,,,,ΜΠΡΕΣΙΑ,,
108,381,sp-chichon,,,,ΣΠ. ΧΙΧΟΝ,,
109,387,torino,,,,ΤΟΡΙΝΟ,,
110,418,venetsia,,,,ΒΕΝΕΤΣΙΑ,,
111,393,frozinone,,,,ΦΡΟΖΙΝΟΝΕ,,
112,402,parma,,,,ΠΑΡΜΑ,,
113,408,letse,,,,ΛΕΤΣΕ,,
114,396,empoli,,,,ΕΜΠΟΛΙ,,
115,447,nant,,,,ΝΑΝΤ,,
116,476,troya,,,,ΤΡΟΥΑ,,
117,463,lyon,,,,ΛΥΩΝ,,
118,528,klagkenfoyrt,,,,ΚΛΑΓΚΕΝΦΟΥΡΤ,,
119,451,pari-s,,,,ΠΑΡΙ Σ.Ζ.,,
120,498,kevigi,,,,ΚΕΒΙΓΙ,,
121,460,toyloyz,,,,ΤΟΥΛΟΥΖ,,
122,385,latsio,,,,ΛΑΤΣΙΟ,,
123,397,inter,,,,ΙΝΤΕΡ,,
124,403,roma,,,,ΡΟΜΑ,,
125,486,er-asteras,,,,ΕΡ. ΑΣΤΕΡΑΣ,,
126,400,sampntoria,,,,ΣΑΜΠΝΤΟΡΙΑ,,
127,394,atalanta,,,,ΑΤΑΛΑΝΤΑ,,
128,384,napoli,,,,ΝΑΠΟΛΙ,,
129,401,milan,,,,ΜΙΛΑΝ,,
130,501,laval,,,,ΛΑΒΑΛ,,
131,491,sole,,,,ΣΟΛΕ,,
132,530,florintsntorfer,,,,ΦΛΟΡΙΝΤΣΝΤΟΡΦΕΡ,,
133,389,,,,динамо киев,ΚΙΕΒΟ,,
134,537,,,,,ΚΑΠΦΕΝΜΠΕΡΓΚ,,
135,544,,,,,ΚΟΡΤΡΑΙΚ,,
136,547,,,,,ΜΟΥΣΚΡΟΝ,,
137,555,,,,,Β. ΜΠΕΒΕΡΕΝ,,
138,568,,,,,ΒΕΝΤΙΣΕΛ,,
139,572,,,,,ΧΟΜΠΡΟ,,
140,575,,,,,ΧΟΡΣΕΝΣ,,
141,579,,,,,ΒΕΙΛΕ,,
142,581,,,,,ΕΣΜΠΙΕΡΓΚ,,
143,583,,,,,ΝΑΕΣΤΒΕΝΤ,,
144,585,,,,,ΕΛΣΙΝΟΡ,,
145,586,,,,,ΚΟΓΚΕ,,
146,588,,,,,ΝΑΙΚΟΜΠΙΝΓΚ,,
147,589,,,,,ΛΙΝΓΚΜΠΙ,,
148,590,,,,,ΦΡΕΝΤΕΡΙΤΣΙΑ,,
149,591,,,,,ΡΟΣΚΙΛΝΤΕ,,
150,592,,,,,ΘΙΣΤΕΝΤ,,
151,594,,,,,ΦΡΕΜΑΝΤ ΑΜΑΓΚΕΡ,,
152,598,,,,,ΓΙΟΥΝΓΚ ΜΠΟΙΣ,,
153,600,,,,,ΣΕΝΤ ΓΚΑΛΕΝ,,
154,602,,,,,ΞΑΜΑΞ,,
155,609,,,,,ΡΑΠΕΣΒΙΛ ΓΙΟΝΑ,,
156,610,,,,,ΚΡΙΝΣ,,
157,611,,,,,ΒΙΛ,,
158,612,,,,,ΣΑΦΧΑΟΥΖΕΝ,,
159,613,,,,,ΒΑΝΤΟΥΖ,,
160,614,,,,,ΚΙΑΣΟ,,
161,615,,,,,ΑΑΡΑΟΥ,,
162,616,,,,,ΒΙΝΤΕΡΤΟΥΡ,,
163,629,,,,,ΚΟΡΚ,,
164,632,,,,,ΛΟΝΓΚΦΟΡΝΤ ΤΑΟΥΝ,,
165,634,,,,,ΑθΛΟΟΥΝ ΤΑΟΥΝ,,
166,635,,,,,ΚΑΜΠΙΝΤΛΙ,,
167,636,,,,,ΓΚΑΛΓΟΥΕΙ ΓΙΟΥΝ.,,
168,638,,,,,ΚΟΜΠ ΡΑΜΠΛΕΡΣ,,
169,639,,,,,ΛΙΜΕΡΙΚ,,
170,640,mprei,,,,ΜΠΡΕΪ Γ.,,
171,645,,,,,ΕΡΜΗΣ,,
172,646,,,,,ΑΕΚ ΛΑΡΝΑΚΑΣ,,
173,648,,,,,ΑΛΚΗ,,
174,650,,,,,ΑΠΟΛΛΩΝ ΛΕΜ.,,
175,651,,,,,ΝΕΑ ΣΑΛΑΜΙΝΑ,,
176,652,,,,,ΑΝΟΡθΩΣΗ,,
177,670,,,,,ΡΑΝΧΑΙΜ,,
178,681,,,,,ΣΚΕΙΝΤ,,
179,682,,,,,ΤΡΟΜΣΝΤΑΛΕΝ,,
180,684,,,,,ΝΕΣΤ ΣΟΤΡΑ,,
181,685,,,,,ΝΟΤΟΝΤΕΝ,,
182,617,lozani,,,,ΛΩΖΑΝΗ,,
183,606,sion,,,,ΣΙΟΝ,,
184,604,vasileia,,,,ΒΑΣΙΛΕΙΑ,,
185,608,servet,,,,ΣΕΡΒΕΤ,,
186,603,loykerni,,,,ΛΟΥΚΕΡΝΗ,,
187,605,zyrichi,,,,ΖΥΡΙΧΗ,,
188,580,norntzelant,,,,ΝΟΡΝΤΖΕΛΑΝΤ,,
189,570,ontense,,,,ΟΝΤΕΝΣΕ,,
190,666,stampaek,,,,ΣΤΑΜΠΑΕΚ,,
191,669,sarpsmporgk,,,,ΣΑΡΠΣΜΠΟΡΓΚ,,
192,623,ntantalk,,,,ΝΤΑΝΤΑΛΚ,,
193,628,sent-patriks,,,,ΣΕΝΤ ΠΑΤΡΙΚΣ,,
194,620,samrok,,,,ΣΑΜΡΟΚ,,
195,688,santefiornt,,,,ΣΑΝΤΕΦΙΟΡΝΤ,,
196,659,lilestrom,,,,ΛΙΛΕΣΤΡΟΜ,,
197,672,miontalen,,,,ΜΙΟΝΤΑΛΕΝ,,
198,671,tromso,,,,ΤΡΟΜΣΟ,,
199,664,molnte,,,,ΜΟΛΝΤΕ,,
200,673,chaoygkesoynt,,,,ΧΑΟΥΓΚΕΣΟΥΝΤ,,
201,661,vikingk,,,,ΒΙΚΙΝΓΚ,,
202,574,aalmporgk,,,,ΑΑΛΜΠΟΡΓΚ,,
203,571,aarchoys,,,,ΑΑΡΧΟΥΣ,,
204,573,kopegchagi,,,,ΚΟΠΕΓΧΑΓΗ,,
205,569,mprontmpi,,,,ΜΠΡΟΝΤΜΠΙ,,
206,578,ranters,,,,ΡΑΝΤΕΡΣ,,
207,695,mprenta,,,,ΜΠΡΕΝΤΑ,,
208,554,ostandi,,,,ΟΣΤΑΝΔΗ,,
209,549,gandi,,,,ΓΑΝΔΗ,,
210,546,anterlecht,,,,ΑΝΤΕΡΛΕΧΤ,,
211,545,sarleroya,,,,ΣΑΡΛΕΡΟΥΑ,,
212,694,agiax,,,,ΑΓΙΑΞ,,
213,698,fortoyna,,,,ΦΟΡΤΟΥΝΑ,,
214,621,goyoterfornt,,,,ΓΟΥΟΤΕΡΦΟΡΝΤ,,
215,693,cherenfen,,,,ΧΕΡΕΝΦΕΝ,,
216,543,antverp,,,,ΑΝΤΒΕΡΠ,,
217,577,mintilant,,,,ΜΙΝΤΙΛΑΝΤ,,
218,663,mponto,,,,ΜΠΟΝΤΟ,,
219,654,ael,,,,ΑΕΛ,,
220,696,fegenornt,,,,ΦΕΓΕΝΟΡΝΤ,,
221,662,stromsgkontset,,,,ΣΤΡΟΜΣΓΚΟΝΤΣΕΤ,,
222,660,mpran,,,,ΜΠΡΑΝ,,
223,542,z-varegkem,,,,Ζ. ΒΑΡΕΓΚΕΜ,,
224,541,klamp-mpriz,,,,ΚΛΑΜΠ ΜΠΡΙΖ,,
225,562,malin,,,,ΜΑΛΙΝ,,
226,563,mpirschot,,,,ΜΠΙΡΣΧΟΤ,,
227,668,valerengka,,,,ΒΑΛΕΡΕΝΓΚΑ,,
228,658,rozenmporgk,,,,ΡΟΖΕΝΜΠΟΡΓΚ,,
229,665,ont,,,,ΟΝΤ,,
230,622,nteri,,,,ΝΤΕΡΙ,,
231,625,ntantalk,,,,ΣΛΙΓΚΟ,,
232,584,silkemporgk,,,,ΣΙΛΚΕΜΠΟΡΓΚ,,
233,550,gkenk,,,,ΓΚΕΝΚ,,
234,552,eoypen,,,,ΕΟΥΠΕΝ,,
235,540,sint-troyinten,,,,ΣΙΝΤ ΤΡΟΥΙΝΤΕΝ,,
236,647,pafos,,,,ΠΑΦΟΣ,,
237,653,apoel,,,,ΑΠΟΕΛ,,
238,697,oytrechti,,,,ΟΥΤΡΕΧΤΗ,,
239,655,doxa-k,,,,ΔΟΞΑ Κ.,,
240,649,omonoia,,,,ΟΜΟΝΟΙΑ,,
241,678,start,,,,ΣΤΑΡΤ,,
242,687,raoyfos,,,,ΡΑΟΥΦΟΣ,,
243,676,kfoym,,,,ΚΦΟΥΜ,,
244,680,santnes,,,,ΣΑΝΤΝΕΣ,,
245,675,stromen,,,,ΣΤΡΟΜΕΝ,,
246,679,gierv,,,,ΓΙΕΡΒ,,
247,689,cham-kam,,,,ΧΑΜ ΚΑΜ,,
248,690,oylensaker,,,,ΟΥΛΕΝΣΑΚΕΡ,,
249,597,loygkano,,,,ΛΟΥΓΚΑΝΟ,,
250,624,gioy-si-nti,,,,ΓΙΟΥ ΣΙ ΝΤΙ,,
251,557,lomel,,,,ΛΟΜΕΛ,,
252,560,vesterlo,,,,ΒΕΣΤΕΡΛΟ,,
253,587,vintovre,,,,ΒΙΝΤΟΒΡΕ,,
254,601,toyn,,,,ΤΟΥΝ,,
255,633,selmpoyrn,,,,ΣΕΛΜΠΟΥΡΝ,,
256,644,paralimni,,,,ΠΑΡΑΛΙΜΝΙ,,
257,710,,,,,ΑΙΝΤΧΟΦΕΝ,,
258,712,,,,,ΓΙΟΝΓΚ ΑΪΝΤΧΟΦΕΝ,,
259,713,,,,,ΓΚΟΟΥ ΑΧΕΝΤ ΙΓΚΛΣ,,
260,717,,,,,ΓΙΟΝΓΚ ΑΛΚΜΑΑΡ,,
261,725,,,,,ΓΙΟΝΓΚ ΟΥΤΡΕΧΤΗ,,
262,730,,,,,ΓΙΟΝΓΚ ΑΓΙΑΞ,,
263,735,,,,,ΚΟΡΟΝΑ ΚΙΕΛΤΣΕ,,
264,739,,,,,ΣΟΣΝΟΒΙΕΚ,,
265,740,,,,,ΛΕΓΚΝΙΚΑ,,
266,741,,,,,ΑΡΚΑ,,
267,746,,,,,ΒΙΣΛΑ ΚΡΑΚΟΒΙΑΣ,,
268,755,,,,,ΑΒΕΣ,,
269,759,,,,,ΦΕΙΡΕΝΣΕ,,
270,762,,,,,ΝΑΣΙΟΝΑΛ,,
271,765,,,,,ΣΕΤΟΥΜΠΑΛ,,
272,768,,,,,ΜΟΡΕΙΡΕΝΣΕ,,
273,769,,,,,ΤΣΑΒΕΣ,,
274,771,,,,,ΠΟΡΤΟ Β,,
275,773,,,,,ΒΑΡΖΙΜ,,
276,774,,,,,ΓΚΙΜΑΡΑΕΣ Β,,
277,775,,,,,ΜΠΕΝΦΙΚΑ Β,,
278,776,,,,,ΠΑΣΟΣ ΦΕΡΕΙΡΑ,,
279,777,,,,,ΦΑΡΕΝΣΕ,,
280,778,,,,,ΑΚΑΔΕΜΙΚΑ,,
281,779,,,,,ΚΟΒΑ ΝΤΑ ΠΙΕΔΑΔ,,
282,783,,,,,ΟΛΙΒΕΙΡΕΝΣΕ,,
283,784,,,,,ΛΕΙΣΟΕΣ,,
284,785,,,,,ΑΚ. ΒΙΣΕΟΥ,,
285,786,,,,,ΜΠΡΑΓΚΑ Β,,
286,798,,,,,ΑΝΖΙ,,
287,802,,,,,ΓΕΝΙΣΕΙ,,
288,805,,,,,ΟΡΕΝΜΠΟΥΡΓΚ,,
289,807,,,,,ΑΡΣΕΝΑΛ,,
290,809,,,,,ΣΙΝΙΚ,,
291,811,,,,,ΣΙΜΠΙΡ,,
292,813,,,,,ΣΠΑΡΤΑΚ Β,,
293,814,,,,,ΣΚΑ,,
294,815,,,,,ΑΒΑΝΓΚΑΡΝΤ ΚΟΥΡΣΚ,,
295,816,,,,,ΤΙΟΥΜΕΝ,,
296,817,,,,,ΤΣΕΡΤΑΝΟΒΟ,,
297,818,,,,,ΚΡΑΣΝΤΟΝΤΑΡ Β,,
298,819,,,,,ΜΟΡΝΤΟΒΙΑ,,
299,820,,,,,ΖΕΝΙΤ Β,,
300,821,,,,,ΤΑΜΠΟΦ,,
301,822,,,,,ΑΡΜΑΒΙΡ,,
302,824,,,,,ΛΟΥΧ ΕΝΕΡΓΚΙΑ,,
303,825,,,,,ΜΠΑΛΤΙΚΑ,,
304,826,,,,,ΦΑΚΕΛ,,
305,827,,,,,ΤΟΜ ΤΟΜΣΚ,,
306,828,,,,,ΡΟΤΟΡ,,
307,831,,,,,ΚΙΛΜΑΡΝΟΚ,,
308,839,,,,,ΡΕΙΝΤΖΕΡΣ,,
309,840,,,,,ΧΑΜΙΛΤΟΝ,,
310,845,,,,,ΦΟΛΚΕΡΚ,,
311,846,,,,,ΕΙΡ ΓΙΟΥΝ.,,
312,847,,,,,ΑΛΟΑ,,
313,848,,,,,ΚΟΥΙΝ ΟΦ ΣΑΟΥθ,,
314,849,,,,,ΙΝΒΕΡΝΕΣ,,
315,850,,,,,ΠΑΡΤΙΚ ΘΙΣΤΛ,,
316,851,,,,,ΜΟΡΤΟΝ,,
317,853,,,,,ΝΤΑΝΦΕΡΜΛΙΝ,,
318,752,mpoavista,,,,ΜΠΟΑΒΙΣΤΑ,,
319,727,maastricht,,,,ΜΑΑΣΤΡΙΧΤ,,
320,720,almere,,,,ΑΛΜΕΡΕ,,
321,794,roympin,,,,ΡΟΥΜΠΙΝ,,
322,806,achmat,,,,ΑΧΜΑΤ,,
323,841,sent-tzonston,,,,ΣΕΝΤ ΤΖΟΝΣΤΟΝ,,
324,835,madergoyel,,,,ΜΑΔΕΡΓΟΥΕΛ,,
325,852,ros-kaoynti,,,,ΡΟΣ ΚΑΟΥΝΤΙ,,
326,801,ntinamo-m,,,,ΝΤΙΝΑΜΟ Μ.,,
327,792,tsska-m,,,,ΤΣΣΚΑ Μ.,,
328,838,seltik,,,,ΣΕΛΤΙΚ,,
329,832,ntanti,,,,ΝΤΑΝΤΙ,,
330,837,amperntin,,,,ΑΜΠΕΡΝΤΙΝ,,
331,810,chimki,,,,ΧΙΜΚΙ,,
332,793,rostof,,,,ΡΟΣΤΟΦ,,
333,707,fenlo,,,,ΦΕΝΛΟ,,
334,781,famalikao,,,,ΦΑΜΑΛΙΚΑΟ,,
335,758,porto,,,,ΠΟΡΤΟ,,
336,760,mpelenenses,,,,ΜΠΕΛΕΝΕΝΣΕΣ,,
337,761,tontela,,,,ΤΟΝΤΕΛΑ,,
338,753,gkimaraes,,,,ΓΚΙΜΑΡΑΕΣ,,
339,756,portimonense,,,,ΠΟΡΤΙΜΟΝΕΝΣΕ,,
340,742,slask,,,,ΣΛΑΣΚ,,
341,736,lechia,,,,ΛΕΧΙΑ,,
342,734,pogkon,,,,ΠΟΓΚΟΝ,,
343,823,nizni,,,,ΝΙΖΝΙ,,
344,799,oyfa,,,,ΟΥΦΑ,,
345,804,spartak-m,,,,ΣΠΑΡΤΑΚ Μ.,,
346,731,vaalvaik,,,,ΒΑΑΛΒΑΪΚ,,
347,706,alkmaar,,,,ΑΛΚΜΑΑΡ,,
348,715,tvente,,,,ΤΒΕΝΤΕ,,
349,709,cherakles,,,,ΧΕΡΑΚΛΕΣ,,
350,772,estoril,,,,ΕΣΤΟΡΙΛ,,
351,721,ronta,,,,ΡΟΝΤΑ,,
352,702,exelsior,,,,ΕΞΕΛΣΙΟΡ,,
353,718,chelmont,,,,ΧΕΛΜΟΝΤ,,
354,703,emen,,,,ΕΜΕΝ,,
355,726,fk-aintchofen,,,,ΦΚ ΑΪΝΤΧΟΦΕΝ,,
356,716,os,,,,ΟΣ,,
357,722,telstar,,,,ΤΕΛΣΤΑΡ,,
358,714,folentam,,,,ΦΟΛΕΝΤΑΜ,,
359,705,fitese,,,,ΦΙΤΕΣΕ,,
360,719,ntorntrecht,,,,ΝΤΟΡΝΤΡΕΧΤ,,
361,728,nten-mpos,,,,ΝΤΕΝ ΜΠΟΣ,,
362,748,zagklempie,,,,ΖΑΓΚΛΕΜΠΙΕ,,
363,796,krilia,,,,ΚΡΙΛΙΑ,,
364,803,lokomotiv-m,,,,ΛΟΚΟΜΟΤΙΒ Μ.,,
365,800,zenit,,,,ΖΕΝΙΤ,,
366,700,vilem,,,,ΒΙΛΕΜ,,
367,763,mpragka,,,,ΜΠΡΑΓΚΑ,,
368,754,mpenfika,,,,ΜΠΕΝΦΙΚΑ,,
369,787,aroyka,,,,ΑΡΟΥΚΑ,,
370,745,legkia,,,,ΛΕΓΚΙΑ,,
371,744,krakovia,,,,ΚΡΑΚΟΒΙΑ,,
372,833,sent-miren,,,,ΣΕΝΤ ΜΙΡΕΝ,,
373,699,gkroningken,,,,ΓΚΡΟΝΙΝΓΚΕΝ,,
374,729,sparta-rot,,,,ΣΠΑΡΤΑ ΡΟΤ.,,
375,724,kampoyr,,,,ΚΑΜΠΟΥΡ,,
376,757,maritimo,,,,ΜΑΡΙΤΙΜΟ,,
377,749,gkornik-z,,,,ΓΚΟΡΝΙΚ Ζ.,,
378,844,ntanti-gioyn,,,,ΝΤΑΝΤΙ ΓΙΟΥΝ.,,
379,842,charts,,,,ΧΑΡΤΣ,,
380,780,penafiel,,,,ΠΕΝΑΦΙΕΛ,,
381,764,rio-ave,,,,ΡΙΟ ΑΒΕ,,
382,788,mafra,,,,ΜΑΦΡΑ,,
383,855,,,,,ΣΤΡΑΝΡΑΕΡ,,
384,856,,,,,ΦΟΡΦΑΡ,,
385,857,,,,,ΡΕΙθ ΡΟΒΕΡΣ,,
386,858,,,,,ΑΡΜΠΡΟΟΥθ,,
387,859,,,,,ΜΠΡΕΧΙΝ,,
388,860,,,,,ΕΡΝΤΡΙΟΝΙΑΝΣ,,
389,861,,,,,ΜΟΝΤΡΟΟΥΖ,,
390,862,,,,,ΙΣΤ ΦΑΙΦ,,
391,863,,,,,ΝΤΑΜΠΑΡΤΟΝ,,
392,864,,,,,ΣΤΕΝΧΑΟΥΣΜΙΟΥΡ,,
393,866,,,,,ΕΝΤΙΝΜΠΟΥΡΓΚ,,
394,867,,,,,ΕΛΓΚΙΝ,,
395,868,,,,,ΠΙΤΕΡΧΕΝΤ,,
396,869,,,,,ΚΛΑΙΝΤ,,
397,870,,,,,ΑΛΜΠΙΟΝ ΡΟΒΕΡΣ,,
398,871,,,,,ΣΤΕΡΛΙΝΓΚ ΑΛΜΠΙΟΝ,,
399,872,,,,,ΑΝΑΝ,,
400,873,,,,,ΚΟΥΙΝΣ ΠΑΡΚ,,
401,874,,,,,ΜΠΕΡΓΟΥΙΚ,,
402,875,,,,,ΚΑΟΥΝΤΕΝΜΠΙθ,,
403,889,,,,,ΑΙΚ,,
404,898,,,,,ΣΥΡΙΑΝΣΚΑ,,
405,900,,,,,ΦΡΕΙ,,
406,906,,,,,ΓΚΑΙΣ,,
407,909,,,,,ΜΠΡΟΜΑΠΟΙΚΑΡΝΑ,,
408,916,,,,,ΑΝΚΑΡΑΓΚΟΥΤΣΟΥ,,
409,918,,,,,ΕΡΖΟΥΡΟΥΜΣΠΟΡ,,
410,920,,,,,ΜΠΟΥΡΣΑΣΠΟΡ,,
411,925,,,,,ΚΑΙΣΕΡΙΣΠΟΡ,,
412,927,,,,,ΓΑΛΑΤΑΣΑΡΑΙ,,
413,932,,,,,ΑΚΙΣΑΡ,,
414,934,,,,,ΚΑΡΑΜΠΟΥΚΣΠΟΡ,,
415,935,,,,,ΕΣΚΙΣΕΧΙΡΣΠΟΡ,,
416,936,,,,,ΟΥΜΡΑΝΙΓΕΣΠΟΡ,,
417,938,,,,,ΑΛΤΙΝΟΡΝΤΟΥ,,
418,939,,,,,ΑΦΙΟΝΣΠΟΡ,,
419,940,,,,,ΑΝΤΑΝΑΣΠΟΡ,,
420,941,,,,,ΝΤΕΝΙΖΛΙΣΠΟΡ,,
421,942,,,,,ΟΣΜΑΝΛΙΣΠΟΡ,,
422,943,,,,,ΑΛΤΑΙ,,
423,944,,,,,ΓΚΕΝΤΣΛΕΡΜΠΙΡΛΙΓΚΙ,,
424,946,,,,,ΓΚΑΖΙΣΕΧΙΡ ΓΚΑΖΙΑΝΤΕΠ,,
425,947,,,,,ΙΣΤΑΝΜΠΟΥΛΣΠΟΡ,,
426,948,,,,,ΕΛΑΖΙΓΚΣΠΟΡ,,
427,949,,,,,ΜΠΟΛΟΥΣΠΟΡ,,
428,950,,,,,ΧΑΤΑΙΣΠΟΡ,,
429,951,,,,,ΜΠΑΛΙΚΕΣΙΡΣΠΟΡ,,
430,954,,,,,ΟΠΑΒΑ,,
431,959,,,,,ΝΤΟΥΚΛΑ ΠΡ.,,
432,961,,,,,ΠΡΙΜΠΡΑΜ,,
433,962,,,,,ΜΠΑΝΙΚ,,
434,963,,,,,ΜΛΑΝΤΑ,,
435,972,,,,,ΣΕΙΝΑΓΙΟΕΝ,,
436,977,,,,,ΚΟΚΚΟΛΑ KPV,,
437,985,,,,,ΜΟΥΣΑ,,
438,987,,,,,ΓΙΑΡΟ,,
439,989,,,,,ΚΑΓΙΑΝΙ,,
440,990,,,,,ΠΑΛΟΒΕΙΚΟΤ ΤΑΜΠΕΡΕ,,
441,991,,,,,ΜΙΛΙΚΟΣΚΙ,,
442,992,,,,,ΕΚΕΝΑΣ,,
443,993,,,,,ΤΟΥΡΚΟΥ,,
444,1000,,,,,ΣΑΝ ΜΑΡΤΙΝ Τ.,,
445,1001,,,,,ΣΑΝ ΜΑΡΤΙΝ ΣΧ,,
446,1003,,,,,ΜΠΕΛΓΡΑΝΟ,,
447,1006,,,,,ΧΙΜΝΑΣΙΑ ΛΠ,,
448,1009,,,,,ΡΑΣΙΝΓΚ,,
449,884,eskilstoyna,,,,ΕΣΚΙΛΣΤΟΥΝΑ,,
450,994,kotka,,,,ΚΟΤΚΑ,,
451,986,oyloy,,,,ΟΥΛΟΥ,,
452,888,chelsinmporgk,,,,ΧΕΛΣΙΝΜΠΟΡΓΚ,,
453,899,ester,,,,ΕΣΤΕΡ,,
454,1005,ntefensa,,,,ΝΤΕΦΕΝΣΑ,,
455,904,varmpergk,,,,ΒΑΡΜΠΕΡΓΚ,,
456,891,sirioys,,,,ΣΙΡΙΟΥΣ,,
457,883,norsepingk,,,,ΝΟΡΣΕΠΙΝΓΚ,,
458,887,kalmar,,,,ΚΑΛΜΑΡ,,
459,907,normpi,,,,ΝΟΡΜΠΙ,,
460,901,vesteros,,,,ΒΕΣΤΕΡΟΣ,,
461,955,vikt-plzen,,,,ΒΙΚΤ. ΠΛΖΕΝ,,
462,964,slovatsko,,,,ΣΛΟΒΑΤΣΚΟ,,
463,967,mpoemians,,,,ΜΠΟΕΜΙΑΝΣ,,
464,1007,intepentiente,,,,ΙΝΤΕΠΕΝΤΙΕΝΤΕ,,
465,1004,archentinos,,,,ΑΡΧΕΝΤΙΝΟΣ,,
466,1008,velez,,,,ΒΕΛΕΖ,,
467,973,koyopio,,,,ΚΟΥΟΠΙΟ,,
468,978,chonka,,,,ΧΟΝΚΑ,,
469,974,ilves,,,,ΙΛΒΕΣ,,
470,886,elfsmporgk,,,,ΕΛΦΣΜΠΟΡΓΚ,,
471,890,gketemporgk,,,,ΓΚΕΤΕΜΠΟΡΓΚ,,
472,885,chamarmpi,,,,ΧΑΜΑΡΜΠΙ,,
473,894,chaken,,,,ΧΑΚΕΝ,,
474,882,estersoynt,,,,ΕΣΤΕΡΣΟΥΝΤ,,
475,988,chaka,,,,ΧΑΚΑ,,
476,983,inter-toyrkoy,,,,ΙΝΤΕΡ ΤΟΥΡΚΟΥ,,
477,965,olomoyts,,,,ΟΛΟΜΟΥΤΣ,,
478,921,kasimpasa,,,,ΚΑΣΙΜΠΑΣΑ,,
479,924,mpesiktas,,,,ΜΠΕΣΙΚΤΑΣ,,
480,915,rizespor,,,,ΡΙΖΕΣΠΟΡ,,
481,917,sivaspor,,,,ΣΙΒΑΣΠΟΡ,,
482,923,malatiaspor,,,,ΜΑΛΑΤΙΑΣΠΟΡ,,
483,922,koniaspor,,,,ΚΟΝΙΑΣΠΟΡ,,
484,957,limperets,,,,ΛΙΜΠΕΡΕΤΣ,,
485,880,falkenmpergk,,,,ΦΑΛΚΕΝΜΠΕΡΓΚ,,
486,897,mielmpi,,,,ΜΙΕΛΜΠΙ,,
487,982,mariechamn,,,,ΜΑΡΙΕΧΑΜΝ,,
488,960,teplitse,,,,ΤΕΠΛΙΤΣΕ,,
489,945,ntemirspor,,,,ΝΤΕΜΙΡΣΠΟΡ,,
490,919,antaliaspor,,,,ΑΝΤΑΛΙΑΣΠΟΡ,,
491,931,gkeztepe,,,,ΓΚΕΖΤΕΠΕ,,
492,929,mpasaksechir,,,,ΜΠΑΣΑΚΣΕΧΙΡ,,
493,928,alaniaspor,,,,ΑΛΑΝΙΑΣΠΟΡ,,
494,966,sparta-pr,,,,ΣΠΑΡΤΑ ΠΡ.,,
495,956,karvina,,,,ΚΑΡΒΙΝΑ,,
496,968,slavia-pr,,,,ΣΛΑΒΙΑ ΠΡ.,,
497,893,malme,,,,ΜΑΛΜΕ,,
498,895,soyntsval,,,,ΣΟΥΝΤΣΒΑΛ,,
499,908,mpragke,,,,ΜΠΡΑΓΚΕ,,
500,999,tageres,,,,ΤΑΓΕΡΕΣ,,
501,892,erempro,,,,ΕΡΕΜΠΡΟ,,
502,981,chelsingkfors,,,,ΧΕΛΣΙΝΓΚΦΟΡΣ,,
503,905,chalmstant,,,,ΧΑΛΜΣΤΑΝΤ,,
504,980,vaasa,,,,ΒΑΑΣΑ,,
505,911,ntalkoyrnt,,,,ΝΤΑΛΚΟΥΡΝΤ,,
506,1010,,,,,ΡΙΒΕΡ,,
507,1018,,,,,ΕΣΤΟΥΔΙΑΝΤΕΣ ΛΠ,,
508,1023,,,,,ΓΟΔΟΙ ΚΡΟΥΖ,,
509,1026,,,,,ΣΑΝΤΑΜΑΡΙΝΑ,,
510,1028,,,,,ΑΛΜΑΓΚΡΟ,,
511,1030,,,,,ΑΤΛ. ΡΑΦΑΕΛΑ,,
512,1031,,,,,Ν. ΣΙΚΑΓΟ,,
513,1032,,,,,ΟΛΙΜΠΟ,,
514,1033,,,,,ΙΝΣΤΙΤΟΥΤΟ,,
515,1034,,,,,ΧΙΜΝΑΣΙΑ Μ.,,
516,1035,,,,,ΝΤ. ΜΠΕΛΓΡΑΝΟ,,
517,1036,,,,,ΦΕΡΟ,,
518,1037,,,,,ΙΝΤ. ΡΙΒΑΔΑΒΙΑ,,
519,1039,,,,,ΓΚ. ΜΠΡΑΟΥΝ,,
520,1040,,,,,ΚΙΛΜΕΣ,,
521,1041,,,,,ΝΤΕΠ. ΜΟΡΟΝ,,
522,1042,,,,,ΜΠΡΑΟΥΝ ΑΝΤ.,,
523,1043,,,,,ΒΙΓΙΑ ΝΤ.,,
524,1044,,,,,ΑΓΚΡΟΠΕΚΟΥΑΡΙΟ,,
525,1045,,,,,ΜΙΤΡΕ,,
526,1046,,,,,ΤΣΑΚΑΡΙΤΑ,,
527,1047,,,,,ΧΙΜΝΑΣΙΑ Χ.,,
528,1049,,,,,ΛΟΣ ΑΝΤΕΣ,,
529,1050,,,,,ΤΕΜΠΕΡΛΕΙ,,
530,1054,,,,,ΣΠΟΡΤ ΜΠΟΙΣ,,
531,1055,,,,,ΡΕΑΛ ΠΟΤΟΣΙ,,
532,1056,,,,,ΟΛΓΟΥΕΙΣ ΡΕΝΤΙ,,
533,1057,,,,,ΑΟΥΡΟΡΑ,,
534,1060,,,,,ΜΠΛΟΥΜΙΝΓΚ,,
535,1062,,,,,ΝΑΣ. ΠΟΤΟΣΙ,,
536,1063,,,,,ΝΤΕΣΤΡΟΓΙΕΡΣ,,
537,1064,,,,,ΣΑΝ ΧΟΣΕ,,
538,1069,,,,,ΣΑΝΤΟΣ,,
539,1070,,,,,ΚΟΡΙΝθΙΑΝΣ,,
540,1071,,,,,ΓΚΟΙΑΣ,,
541,1072,,,,,ΠΑΛΜΕΙΡΑΣ,,
542,1076,,,,,ΜΠΑΐΑ,,
543,1077,,,,,ΚΡΟΥΖΕΙΡΟ,,
544,1083,,,,,ΑΤΛ. ΜΙΝΕΙΡΟ,,
545,1087,,,,,ΑΒΑΐ,,
546,1089,,,,,ΜΠΟΤΑΦΟΓΚΟ-SP,,
547,1091,,,,,ΦΙΓΚΕΙΡΕΝΣΕ,,
548,1094,,,,,ΟΕΣΤΕ,,
549,1095,,,,,ΜΠΡΑΖΙΛ,,
550,1100,,,,,ΑΤΛ. ΓΚΟΙΑΝΙΕΝΣΕ,,
551,1105,,,,,ΣΑΟ ΜΠΕΝΤΟ,,
552,1108,,,,,ΠΑΡΑΝΑ,,
553,1127,,,,,ΣΑΝ ΧΟΣΕ,,
554,1128,,,,,ΣΟΛΤ ΛΕΙΚ,,
555,1138,,,,,ΕΛ ΝΑΣΙΟΝΑΛ,,
556,1140,,,,,ΟΥΝ. ΚΑΤΟΛΙΚΑ,,
557,1144,,,,,ΦΟΥΕΡΣΑ ΑΜΑΡΙΓΙΑ,,
558,1147,,,,,ΑΜΕΡΙΚΑ ΝΤΕ ΚΙΤΟ,,
559,1154,atl-oyila,,,,ΑΤΛ. ΟΥΙΛΑ,,
560,1011,nioyels,,,,ΝΙΟΥΕΛΣ,,
561,1048,platense,,,,ΠΛΑΤΕΝΣΕ,,
562,1099,gkoyarani,,,,ΓΚΟΥΑΡΑΝΙ,,
563,1107,sport-resife,,,,ΣΠΟΡΤ ΡΕΣΙΦΕ,,
564,1106,mpragkantino,,,,ΜΠΡΑΓΚΑΝΤΙΝΟ,,
565,1102,vila-nova,,,,ΒΙΛΑ ΝΟΒΑ,,
566,1093,koyiampa,,,,ΚΟΥΙΑΜΠΑ,,
567,1079,vasko,,,,ΒΑΣΚΟ,,
568,1075,csa,,,,CSA,,
569,1078,gkremio,,,,ΓΚΡΕΜΙΟ,,
570,1084,sapekoense,,,,ΣΑΠΕΚΟΕΝΣΕ,,
571,1146,makara,,,,ΜΑΚΑΡΑ,,
572,1139,olmedo,,,,ΟΛΜΕΔΟ,,
573,1021,alntosivi,,,,ΑΛΝΤΟΣΙΒΙ,,
574,1027,arsenal-s,,,,ΑΡΣΕΝΑΛ Σ.,,
575,1016,patronato,,,,ΠΑΤΡΟΝΑΤΟ,,
576,1081,mpotafogko,,,,ΜΠΟΤΑΦΟΓΚΟ,,
577,1104,ponte-preta,,,,ΠΟΝΤΕ ΠΡΕΤΑ,,
578,1097,lontrina,,,,ΛΟΝΤΡΙΝΑ,,
579,1103,kl-regkatas,,,,ΚΛ. ΡΕΓΚΑΤΑΣ,,
580,1149,ntelfin,,,,ΝΤΕΛΦΙΝ,,
581,1151,emelek,,,,ΕΜΕΛΕΚ,,
582,1142,tekniko,,,,ΤΕΚΝΙΚΟ,,
583,1074,flamengko,,,,ΦΛΑΜΕΝΓΚΟ,,
584,1019,mpoka,,,,ΜΠΟΚΑ,,
585,1148,aoykas,,,,ΑΟΥΚΑΣ,,
586,1013,kolon,,,,ΚΟΛΟΝ,,
587,1014,atl-toykoyman,,,,ΑΤΛ. ΤΟΥΚΟΥΜΑΝ,,
588,1101,amerika-min,,,,ΑΜΕΡΙΚΑ ΜΙΝ.,,
589,1020,oyrakan,,,,ΟΥΡΑΚΑΝ,,
590,1017,oynion-sf,,,,ΟΥΝΙΟΝ ΣΦ,,
591,1092,operario,,,,ΟΠΕΡΑΡΙΟ,,
592,1090,vitoria,,,,ΒΙΤΟΡΙΑ,,
593,1082,atl-paranaense,,,,ΑΤΛ. ΠΑΡΑΝΑΕΝΣΕ,,
594,1129,filadelfeia,,,,ΦΙΛΑΔΕΛΦΕΙΑ,,
595,1073,fortaleza,,,,ΦΟΡΤΑΛΕΖΑ,,
596,1145,koyenka,,,,ΚΟΥΕΝΚΑ,,
597,1157,migionarios,,,,ΜΙΓΙΟΝΑΡΙΟΣ,,
598,1080,sao-paoylo,,,,ΣΑΟ ΠΑΟΥΛΟ,,
599,1150,gkoyagiakil,,,,ΓΚΟΥΑΓΙΑΚΙΛ,,
600,1141,int-ntel-vage,,,,ΙΝΤ. ΝΤΕΛ ΒΑΓΕ,,
601,1015,mpanfilnt,,,,ΜΠΑΝΦΙΛΝΤ,,
602,1022,lanoys,,,,ΛΑΝΟΥΣ,,
603,1012,san-lorentzo,,,,ΣΑΝ ΛΟΡΕΝΤΖΟ,,
604,1134,koloranto,,,,ΚΟΛΟΡΑΝΤΟ,,
605,1116,portlant,,,,ΠΟΡΤΛΑΝΤ,,
606,1132,los-antzeles,,,,ΛΟΣ ΑΝΤΖΕΛΕΣ,,
607,1121,orlanto,,,,ΟΡΛΑΝΤΟ,,
608,1117,montreal,,,,ΜΟΝΤΡΕΑΛ,,
609,1124,sikago,,,,ΣΙΚΑΓΟ,,
610,1130,ntalas,,,,ΝΤΑΛΑΣ,,
611,1126,siatl,,,,ΣΙΑΤΛ,,
612,1120,minesota,,,,ΜΙΝΕΣΟΤΑ,,
613,1122,l-a,,,,Λ.Α. ΓΚΑΛΑΞΙ,,
614,1133,toronto,,,,ΤΟΡΟΝΤΟ,,
615,1113,n-y,,,,Ν.Υ. ΣΙΤΙ,,
616,1131,nioy-ingklant,,,,ΝΙΟΥ ΙΝΓΚΛΑΝΤ,,
617,1119,kolompoys,,,,ΚΟΛΟΜΠΟΥΣ,,
618,1115,atlanta,,,,ΑΤΛΑΝΤΑ,,
619,1123,nea-yorki,,,,ΝΕΑ ΥΟΡΚΗ,,
620,1118,kansas,,,,ΚΑΝΣΑΣ,,
621,1061,mpolivar,,,,ΜΠΟΛΙΒΑΡ,,
622,1058,de-strongkest,,,,ΔΕ ΣΤΡΟΝΓΚΕΣΤ,,
623,1059,or-petrolero,,,,ΟΡ. ΠΕΤΡΟΛΕΡΟ,,
624,1024,tigkre,,,,ΤΙΓΚΡΕ,,
625,1065,chorche-vilsterman,,,,ΧΟΡΧΕ ΒΙΛΣΤΕΡΜΑΝ,,
626,1066,gkoyampira,,,,ΓΚΟΥΑΜΠΙΡΑ,,
627,1159,,,,,ΜΑΓΚΝΤΑΛΕΝΑ,,
628,1162,,,,,ΚΟΥΚΟΥΤΑ,,
629,1176,,,,,ΓΟΥΔΑΛΑΧΑΡΑ,,
630,1177,,,,,ΜΟΝΑΡΚΑΣ,,
631,1181,,,,,ΣΑΝΤΟΣ,,
632,1182,,,,,ΒΕΡΑΚΡΟΥΖ,,
633,1189,,,,,ΜΟΝΤΕΡΕΙ,,
634,1193,,,,,ΛΟΜΠΟΣ,,
635,1198,,,,,ΛΙΒΕΡΠΟΥΛ,,
636,1200,,,,,ΝΤΕΦΕΝΣΟΡ,,
637,1202,,,,,ΣΕΡΟ,,
638,1204,,,,,ΝΑΣΙΟΝΑΛ,,
639,1205,,,,,ΓΟΥΟΝΤΕΡΕΡΣ,,
640,1207,,,,,ΧΟΥΒΕΝΤΟΥΔ,,
641,1208,,,,,ΡΑΣΙΝΓΚ,,
642,1209,,,,,ΝΤΑΝΟΥΜΠΙΟ,,
643,1210,,,,,ΡΙΒΕΡ,,
644,1211,,,,,ΡΑΜΠΛΑ ΤΖΟΥΝΙΟΡΣ,,
645,1213,,,,,ΓΚΟΥΑΡΑΝΙ,,
646,1214,,,,,ΧΕΝΕΡΑΛ ΝΤΙΑΣ,,
647,1217,,,,,ΝΑΣΙΟΝΑΛ,,
648,1219,,,,,ΣΑΝ ΛΟΡΕΝΣΟ,,
649,1221,,,,,ΚΑΠΙΑΤΑ,,
650,1222,,,,,ΡΙΒΕΡ ΠΛΕΙΤ,,
651,1224,,,,,ΣΑΝΤΑΝΙ,,
652,1226,,,,,ΙΝΤΙ ΓΚΑΣ,,
653,1227,,,,,ΣΠΟΡΤ ΜΠΟΙΣ,,
654,1228,,,,,ΕΛ ΠΙΡΑΤΑ,,
655,1229,,,,,ΓΚΑΡΣΙΛΑΣΟ,,
656,1232,,,,,ΑΛΙΑΝΣΑ ΟΥΝΙΒΕΡΣΙΔΑΔ,,
657,1234,,,,,ΟΥΝ. ΚΟΜΕΡΣΙΟ,,
658,1237,,,,,ΑΛ. ΛΙΜΑ,,
659,1238,,,,,ΜΟΥΝΙΣΙΠΑΛ,,
660,1242,,,,,ΟΥΑΝΚΑΓΙΟ,,
661,1243,,,,,ΣΑΝ ΜΑΡΤΙΝ,,
662,1246,,,,,ΟΥΝ. ΚΑΤΟΛΙΚΑ,,
663,1248,,,,,ΙΚΙΚΕ,,
664,1250,,,,,ΟΥΝ. ΚΟΝΣΕΠΣΙΟΝ,,
665,1254,,,,,ΕΒΕΡΤΟΝ,,
666,1257,,,,,Ο ΧΙΓΚΙΝΣ,,
667,1264,,,,,ΠΕΡθ ΓΚΛΟΡΙ,,
668,1265,,,,,ΓΟΥΟΝΤΕΡΕΡΣ,,
669,1267,,,,,ΝΙΟΥΚΑΣΤΛ,,
670,1268,,,,,ΣΙΔΝΕΙ,,
671,1270,,,,,ΜΠΡΙΣΜΠΕΙΝ,,
672,1272,,,,,ΑΔΕΛΑΐΔΑ,,
673,1276,,,,,Γ. ΙΒΑΤΑ,,
674,1278,,,,,ΓΚ. ΟΣΑΚΑ,,
675,1281,,,,,Κ. ΣΑΠΟΡΟ,,
676,1282,,,,,ΤΣΕΡΕΖΟ ΟΣ.,,
677,1285,,,,,Β. ΣΕΝΤΑΙ,,
678,1289,,,,,Μ. ΓΙΑΜΑΓΚΑ,,
679,1291,,,,,ΣΟΝΑΝ ΜΠ.,,
680,1293,,,,,ΟΙΤΑ ΤΡΙΝΙΤΑ,,
681,1296,,,,,ΖΒΕΙΓΚΕΝ,,
682,1297,,,,,ΕΧΙΜΕ,,
683,1298,,,,,ΜΟΝΤΕΔΙΟ,,
684,1300,,,,,ΡΕΝΟΦΑ ΓΙΑΜΑΓΚΟΥΤΣΙ,,
685,1301,,,,,ΤΣΙΜΠΑ ΓΙΟΥΝ.,,
686,1302,,,,,ΟΚΑΓΙΑΜΑ,,
687,1303,,,,,ΡΙΟΥΚΙΟΥ,,
688,1304,,,,,ΟΜΙΓΙΑ,,
689,1305,,,,,ΤΟΤΣΙΓΚΙ,,
690,1306,,,,,ΜΑΤΣΙΝΤΑ,,
691,1307,,,,,ΜΙΤΟ,,
692,1192,toloyka,,,,ΤΟΛΟΥΚΑ,,
693,1184,nekaxa,,,,ΝΕΚΑΞΑ,,
694,1191,kroyz-azoyl,,,,ΚΡΟΥΖ ΑΖΟΥΛ,,
695,1218,limpertad,,,,ΛΙΜΠΕΡΤΑΔ,,
696,1165,envigkado,,,,ΕΝΒΙΓΚΑΔΟ,,
697,1163,rionegkro,,,,ΡΙΟΝΕΓΚΡΟ,,
698,1166,patriotas,,,,ΠΑΤΡΙΟΤΑΣ,,
699,1201,fenix,,,,ΦΕΝΙΞ,,
700,1251,palestino,,,,ΠΑΛΕΣΤΙΝΟ,,
701,1188,patsoyka,,,,ΠΑΤΣΟΥΚΑ,,
702,1183,atlas,,,,ΑΤΛΑΣ,,
703,1233,melgar,,,,ΜΕΛΓΑΡ,,
704,1239,oyniversitario,,,,ΟΥΝΙΒΕΡΣΙΤΑΡΙΟ,,
705,1197,plasa-kolonia,,,,ΠΛΑΣΑ ΚΟΛΟΝΙΑ,,
706,1206,mposton-river,,,,ΜΠΟΣΤΟΝ ΡΙΒΕΡ,,
707,1290,chirosima,,,,ΧΙΡΟΣΙΜΑ,,
708,1308,tokoysima,,,,ΤΟΚΟΥΣΙΜΑ,,
709,1284,kasima,,,,ΚΑΣΙΜΑ,,
710,1277,tokyo,,,,ΤΟΚΥΟ,,
711,1286,simizoy,,,,ΣΙΜΙΖΟΥ,,
712,1280,giokochama-m,,,,ΓΙΟΚΟΧΑΜΑ Μ.,,
713,1292,m,,,,ΚΑΒΑΣΑΚΙ,,
714,1283,visel-kompe,,,,ΒΙΣΕΛ ΚΟΜΠΕ,,
715,1299,kasiva,,,,ΚΑΣΙΒΑ,,
716,1288,oyrava,,,,ΟΥΡΑΒΑ,,
717,1258,la-kalera,,,,ΛΑ ΚΑΛΕΡΑ,,
718,1245,koyriko,,,,ΚΟΥΡΙΚΟ,,
719,1223,sol,,,,ΣΟΛ,,
720,1216,loykenio,,,,ΛΟΥΚΕΝΙΟ,,
721,1167,ekidad,,,,ΕΚΙΔΑΔ,,
722,1164,aliansa,,,,ΑΛΙΑΝΣΑ,,
723,1170,ntep-pasto,,,,ΝΤΕΠ. ΠΑΣΤΟ,,
724,1252,antofagasta,,,,ΑΝΤΟΦΑΓΑΣΤΑ,,
725,1253,aoyntax,,,,ΑΟΥΝΤΑΞ,,
726,1173,tolima,,,,ΤΟΛΙΜΑ,,
727,1235,kantolao,,,,ΚΑΝΤΟΛΑΟ,,
728,1187,poymas,,,,ΠΟΥΜΑΣ,,
729,1256,oyatsipato,,,,ΟΥΑΤΣΙΠΑΤΟ,,
730,1186,poyempla,,,,ΠΟΥΕΜΠΛΑ,,
731,1190,tigkres,,,,ΤΙΓΚΡΕΣ,,
732,1231,mpinasional,,,,ΜΠΙΝΑΣΙΟΝΑΛ,,
733,1240,kachamarka,,,,ΚΑΧΑΜΑΡΚΑ,,
734,1185,amerika,,,,ΑΜΕΡΙΚΑ,,
735,1220,olimpia,,,,ΟΛΙΜΠΙΑ,,
736,1203,peniarol,,,,ΠΕΝΙΑΡΟΛ,,
737,1158,onse-kalntas,,,,ΟΝΣΕ ΚΑΛΝΤΑΣ,,
738,1160,atl-nasional,,,,ΑΤΛ. ΝΑΣΙΟΝΑΛ,,
739,1255,oyn-nte-tsile,,,,ΟΥΝ. ΝΤΕ ΤΣΙΛΕ,,
740,1169,ntep-kali,,,,ΝΤΕΠ. ΚΑΛΙ,,
741,1172,amerika-kali,,,,ΑΜΕΡΙΚΑ ΚΑΛΙ,,
742,1199,progkreso,,,,ΠΡΟΓΚΡΕΣΟ,,
743,1178,leon,,,,ΛΕΟΝ,,
744,1179,keretaro,,,,ΚΕΡΕΤΑΡΟ,,
745,1236,sesar-vagiecho,,,,ΣΕΣΑΡ ΒΑΓΙΕΧΟ,,
746,1271,mel-viktori,,,,ΜΕΛ. ΒΙΚΤΟΡΙ,,
747,1269,mel-siti,,,,ΜΕΛ. ΣΙΤΙ,,
748,1273,sentral-kost,,,,ΣΕΝΤΡΑΛ ΚΟΣΤ,,
749,1260,kokimpo,,,,ΚΟΚΙΜΠΟ,,
750,1295,kioto,,,,ΚΙΟΤΟ,,
751,1309,,,,,ΤΟΚΙΟ ΒΕΡΝΤΙ,,
752,1310,,,,,ΚΑΓΚΟΣΙΜΑ,,
753,1311,,,,,Β. ΚΟΦΟΥ,,
754,1312,,,,,ΦΟΥΚΟΥΚΟΑ,,
755,1313,,,,,ΝΑΓΚΑΣΑΚΙ,,
756,1315,,,,,ΤΖΙΦΟΥ,,
757,1316,,,,,ΝΙΓΚΑΤΑ,,
758,1321,,,,,ΓΙΑΝΓΚΣΟΥ,,
759,1322,,,,,ΕΒΕΡΓΚΡΑΝΤΕ,,
760,1325,,,,,ΓΚΟΥΑΝΓΚΤΖΟΥ ΡΦ,,
761,1326,,,,,ΣΑΝΓΚΑΗ ΣΙΠΓ,,
762,1328,,,,,ΤΕΝΤΑ,,
763,1330,,,,,ΓΟΥΧΑΝ ΖΑΛ,,
764,1331,,,,,ΤΙΑΝΧΑΙ,,
765,1333,,,,,ΡΕΝΕ,,
766,1335,,,,,ΧΕΜΠΕΙ,,
767,1339,,,,,ΣΑΝΓΚΓΙΟΥ,,
768,1344,,,,,ΓΚΙΕΟΝΓΚΝΑΜ,,
769,1365,,,,,ΦΛΑΜΟΥΡΤΑΡΙ,,
770,1367,,,,,ΚΟΥΚΕΣΙ,,
771,1368,,,,,ΚΑΣΤΡΙΟΤΙ,,
772,1369,,,,,ΤΙΡΑΝΑ,,
773,1370,,,,,ΣΚΕΝΤΕΡΜΠΕΟΥ,,
774,1371,,,,,ΠΑΡΤΙΖΑΝ ΤΙΡ.,,
775,1372,,,,,ΚΑΜΖΑ,,
776,1373,,,,,ΛΟΥΦΤΕΤΑΡΙ,,
777,1376,,,,,ΝΙΟΥΡΙ ΣΙΤΙ,,
778,1377,,,,,ΚΡΟΥΣΕΙΝΤΕΡΣ,,
779,1378,,,,,ΚΟΛΕΡΕΙΝ,,
780,1379,,,,,ΚΛΙΦΤΟΝΒΙΛ,,
781,1380,,,,,ΝΤΟΥΝΓΚΑΝΟΝ,,
782,1381,,,,,ΙΝΣΤΙΤΟΥΤ,,
783,1382,,,,,ΓΟΥΟΡΕΝΠΟΙΝΤ,,
784,1383,,,,,ΑΡΝΤΣ,,
785,1384,,,,,ΓΚΛΕΝΑΒΟΝ,,
786,1385,,,,,ΓΚΛΕΝΤΟΡΑΝ,,
787,1387,,,,,ΜΠΑΛΙΜΕΝΑ,,
788,1389,,,,,ΣΕΠΤΕΜΒΡΙ ΣΟΦΙΑ,,
789,1390,,,,,ΛΕΦΣΚΙ ΣΟΦΙΑΣ,,
790,1391,,,,,ΕΤΑΡ,,
791,1392,,,,,ΒΙΤΟΣΑ,,
792,1393,,,,,ΣΛΑΒΙΑ ΣΟΦΙΑΣ,,
793,1395,,,,,ΜΠΟΤΕΦ ΠΛΟΒΝΤΙΒ,,
794,1397,,,,,ΜΠΟΤΕΦ ΒΡΑΤΣΑ,,
795,1398,,,,,ΒΕΡΕΓΙΑ,,
796,1399,,,,,ΤΣΕΡΝΟ ΜΟΡΕ ΒΑΡΝΑ,,
797,1400,,,,,ΝΤΟΥΝΑΒ ΡΟΥΣΕ,,
798,1401,,,,,ΜΠΕΡΟΕ,,
799,1404,,,,,ΑΚΟΥΡΕΙΡΙ,,
800,1405,,,,,KR ΡΕΙΚΙΑΒΙΚ,,
801,1406,,,,,ΑΚΡΑΝΕΣ,,
802,1407,,,,,ΒΙΚΙΝΓΚΟΥΡ ΡΕΚΙΑΒΙΚ,,
803,1408,,,,,ΣΤΙΑΡΝΑΝ,,
804,1409,,,,,ΒΕΣΤΜΑΝΑΕΓΙΑΡ,,
805,1410,,,,,FH ΧΑΦΝΑΡΦΙΟΝΤΟΥΡ,,
806,1411,,,,,ΦΙΛΚΙΡ,,
807,1412,,,,,ΓΚΡΙΝΤΑΒΙΚ,,
808,1413,,,,,ΒΑΛΟΥΡ,,
809,1414,,,,,ΜΠΡΕΙΝΤΑΜΠΛΙΚ,,
810,1415,,,,,ΚΟΠΑΒΟΓΚΣ,,
811,1417,,,,,ΧΑΠ. ΧΑΙΦΑ,,
812,1418,,,,,ΜΠΝΕΙ ΓΕΧΟΥΝΤΑ Τ.Α.,,
813,1419,,,,,ΧΑΠ. ΜΠΙΡ ΣΕΒΑ,,
814,1420,,,,,ΜΠΝΕΙ ΣΑΚΝΙΝ,,
815,1421,,,,,ΜΑΚ. ΠΕΤΑΧ ΤΙΚΒΑ,,
816,1422,,,,,ΑΣΝΤΟΝΤ,,
817,1423,,,,,ΧΑΠ. ΤΕΛ ΑΒΙΒ,,
818,1424,,,,,ΜΠΕΙΤΑΡ ΙΕΡ.,,
819,1425,,,,,ΜΑΚ. ΝΕΤΑΝΙΑ,,
820,1426,,,,,ΧΑΠ. ΡΑΑΝΑΝΑ,,
821,1427,,,,,ΧΑΠ. ΧΑΝΤΕΡΑ ΕΡΑΝ,,
822,1428,,,,,ΧΑΠ. ΙΡΟΝΙ ΚΙΡΙΑΤ ΣΜΟΝΑ,,
823,1429,,,,,ΜΑΚ. ΧΑΙΦΑ,,
824,1432,,,,,ΡΟΥΝΤΕΣ,,
825,1433,,,,,ΙΝΤΕΡ ΖΑΠΡΕΣΙΤΣ,,
826,1434,,,,,ΙΣΤΡΑ 1961,,
827,1436,,,,,ΓΚΟΡΙΤΣΑ,,
828,1438,,,,,ΣΛΑΒΕΝ,,
829,1439,,,,,ΧΑΙΝΤΟΥΚ,,
830,1440,,,,,ΛΟΚΟΜΟΤΙΒΑ,,
831,1444,,,,,ΣΠΑΡΤΑΚΣ,,
832,1445,,,,,ΛΙΕΠΑΓΙΑ,,
833,1446,,,,,ΝΤΑΟΥΓΚΑΒΠΙΛΣ,,
834,1447,,,,,ΜΕΤΑ,,
835,1448,,,,,ΒΕΝΤΣΠΙΛΣ,,
836,1450,,,,,ΒΑΛΜΙΕΡΑΣ,,
837,1451,,,,,ΓΕΛΓΚΑΒΑ,,
838,1453,,,,,ΑΤΛΑΝΤΑΣ ΚΛΑΙΠΕΝΤΑ,,
839,1454,,,,,ΡΙΤΕΡΙΑΙ,,
840,1455,,,,,ΣΤΟΥΜΠΡΑΣ,,
841,1456,,,,,ΣΟΥΝΤΟΥΒΑ,,
842,1457,,,,,ΚΑΟΥΝΟ ΖΑΛΓΚΙΡΙΣ,,
843,1458,,,,,ΠΑΝΕΒΕΖΙΣ,,
844,1459,,,,,ΠΑΛΑΝΓΚΑ,,
845,1462,,,,,ΚΑΡΜΑΡθΕΝ,,
846,1463,,,,,ΚΟΝΑΧΣ ΚΟΥΕΙ,,
847,1464,,,,,ΜΠΑΡΙ ΤΑΟΥΝ,,
848,1465,,,,,ΜΠΑΛΑ ΤΑΟΥΝ,,
849,1466,,,,,ΣΕΦΝ ΝΤΡΟΥΙΝΤΣ,,
850,1467,,,,,ΛΙΑΝΤΟΥΝΤΟ,,
851,1468,,,,,ΚΑΡΝΤΙΦ ΜΕΤ ΓΙΟΥΝ.,,
852,1469,,,,,ΑΜΠΕΡΙΣΤΓΟΥΙθ,,
853,1471,,,,,ΛΙΑΝΕΛΙ,,
854,1472,,,,,ΝΙΟΥΤΑΟΥΝ,,
855,1332,senzen,,,,ΣΕΝΖΕΝ,,
856,1323,santongk,,,,ΣΑΝΤΟΝΓΚ,,
857,1329,gkoyoan,,,,ΓΚΟΥΟΑΝ,,
858,1324,ntalian,,,,ΝΤΑΛΙΑΝ,,
859,1334,senchoya,,,,ΣΕΝΧΟΥΑ,,
860,1341,gieonmpoyk,,,,ΓΙΕΟΝΜΠΟΥΚ,,
861,1366,teoyta-ntoyres,,,,ΤΕΟΥΤΑ ΝΤΟΥΡΕΣ,,
862,1430,makampi-t,,,,ΜΑΚΑΜΠΙ Τ.Α.,,
863,1449,riga,,,,ΡΙΓΑ,,
864,1443,riga-f,,,,ΡΙΓΑ Φ.Σ.,,
865,1386,linfilnt,,,,ΛΙΝΦΙΛΝΤ,,
866,1374,latsi,,,,ΛΑΤΣΙ,,
867,1435,rieka,,,,ΡΙΕΚΑ,,
868,1437,osigiek,,,,ΟΣΙΓΙΕΚ,,
869,1470,nioy-sents,,,,ΝΙΟΥ ΣΕΝΤΣ,,
870,1460,zalgkiris-vilnioys,,,,ΖΑΛΓΚΙΡΙΣ ΒΙΛΝΙΟΥΣ,,
871,1396,loyntogkorets,,,,ΛΟΥΝΤΟΓΚΟΡΕΤΣ,,
872,1441,nt-zagkremp,,,,ΝΤ. ΖΑΓΚΡΕΜΠ,,
873,1348,ntaegoy,,,,ΝΤΑΕΓΟΥ,,
874,1338,oylsan,,,,ΟΥΛΣΑΝ,,
875,1340,seoyl,,,,ΣΕΟΥΛ,,
876,1345,seongknam,,,,ΣΕΟΝΓΚΝΑΜ,,
877,1347,giegioy,,,,ΓΙΕΓΙΟΥ,,
878,1343,soygon,,,,ΣΟΥΓΟΝ,,
879,1346,gkangkvon,,,,ΓΚΑΝΓΚΒΟΝ,,
880,1473,,,,,ΣΕΡΝΑΡΦΟΝ,,
881,1475,,,,,ΠΟΥΣΚΑΣ ΑΚΑΝΤΕΜΙ,,
882,1476,,,,,ΧΑΛΑΝΤΑΣ,,
883,1477,,,,,ΝΤΕΜΠΡΕΤΣΕΝΙ,,
884,1478,,,,,ΒΑΡΝΤΑ,,
885,1479,,,,,ΜΕΖΟΚΟΒΕΣΝΤ,,
886,1480,,,,,ΧΟΝΕΒΝΤ,,
887,1481,,,,,ΠΑΚΣΙ,,
888,1482,,,,,ΒΙΝΤΙ,,
889,1483,,,,,ΝΤΙΟΣΓΚΙΟΡ,,
890,1486,,,,,ΜΤΚ ΒΟΥΔΑΠΕΣΤΗΣ,,
891,1488,,,,,ΑΛΕΞΑΝΤΡΙΑ,,
892,1489,,,,,ΒΟΡΣΚΛΑ,,
893,1491,,,,,ΝΤΕΣΝΑ,,
894,1492,,,,,ΚΑΡΠΑΤΙ,,
895,1493,,,,,ΛΒΙΒ,,
896,1494,,,,,ΑΡΣΕΝΑΛ ΚΙΕΒΟΥ,,
897,1496,,,,,ΜΑΡΙΟΥΠΟΛ,,
898,1497,,,,,ΤΣΕΡΝΟΜΟΡΕΤΣ,,
899,1499,,,,,ΟΛΙΜΠΙΚ ΝΤ.,,
900,1501,,,,,ΒΟΛΟΥΝΤΑΡΙ,,
901,1502,,,,,ΒΙΤΟΡΟΥΛ ΚΟΝΣΤΑΝΤΑ,,
902,1503,,,,,ΜΠΟΤΟΣΑΝΙ,,
903,1504,,,,,ΝΤΙΝΑΜΟ ΒΟΥΚ.,,
904,1505,,,,,ΣΕΠΣΙ,,
905,1506,,,,,ΧΕΡΜΑΝΣΤΑΝΤ,,
906,1508,,,,,ΑΣΤΡΑ,,
907,1509,,,,,ΚΟΝΚΟΡΝΤΙΑ,,
908,1510,,,,,ΓΚΑΖ ΜΕΤΑΝ,,
909,1511,,,,,ΝΤΟΥΝΑΡΕΑ,,
910,1512,,,,,ΟΥΝ. ΚΡΑΙΟΒΑ,,
911,1513,,,,,ΣΤΕΑΟΥΑ ΒΟΥΚ.,,
912,1514,,,,,ΙΑΣΙ,,
913,1516,,,,,ΜΠΑΤΣΚΑ,,
914,1517,,,,,ΡΑΝΤ,,
915,1518,,,,,ΡΑΝΤΝΙΣΚΙ Ν.,,
916,1519,,,,,ΕΡΥθΡΟΣ ΑΣΤΕΡΑΣ,,
917,1521,,,,,ΜΑΤΣΒΑ,,
918,1522,,,,,ΖΕΜΟΥΝ,,
919,1523,,,,,ΒΟΙΒΟΝΤΙΝΑ,,
920,1524,,,,,ΒΟΖΝΤΟΒΑΤΣ,,
921,1525,,,,,ΡΑΝΤΝΙΚ,,
922,1526,,,,,ΜΛΑΝΤΟΣΤ Λ.,,
923,1527,,,,,ΣΟΥΜΠΟΤΙΤΣΑ,,
924,1529,,,,,ΠΡΟΛΕΤΕΡ,,
925,1530,,,,,ΝΑΠΡΕΝΤΑΚ,,
926,1531,,,,,ΝΤ. ΒΡΙΑΝΙΕ,,
927,1533,,,,,ΖΙΛΙΝΑ,,
928,1534,,,,,ΣΠ. ΤΡΝΑΒΑ,,
929,1535,,,,,ΖΕΜΠΛΙΝ,,
930,1536,,,,,ΣΕΡΕΝΤ,,
931,1537,,,,,ΝΤΟΥΝΑΙΣΚΑ,,
932,1538,,,,,ΣΕΝΙΤΣΑ,,
933,1539,,,,,Ζ. ΜΟΡΑΦΤΣΕ,,
934,1540,,,,,ΣΛΟΒΑΝ ΜΠΡ.,,
935,1541,,,,,ΤΡΕΝΤΣΙΝ,,
936,1542,,,,,ΠΟΝΤΜΠΡΕΖΟΒΑ,,
937,1543,,,,,ΝΙΤΡΑ,,
938,1544,,,,,ΡΟΥΖΟΜΠΕΡΟΚ,,
939,1546,,,,,ΖΙΛΙΝΑ,,
940,1547,,,,,ΣΠ. ΤΡΝΑΒΑ,,
941,1548,,,,,ΖΕΜΠΛΙΝ,,
942,1549,,,,,ΣΕΡΕΝΤ,,
943,1550,,,,,ΝΤΟΥΝΑΙΣΚΑ,,
944,1551,,,,,ΣΕΝΙΤΣΑ,,
945,1552,,,,,Ζ. ΜΟΡΑΦΤΣΕ,,
946,1553,,,,,ΣΛΟΒΑΝ ΜΠΡ.,,
947,1554,,,,,ΤΡΕΝΤΣΙΝ,,
948,1555,,,,,ΠΟΝΤΜΠΡΕΖΟΒΑ,,
949,1556,,,,,ΝΙΤΡΑ,,
950,1557,,,,,ΡΟΥΖΟΜΠΕΡΟΚ,,
951,1559,,,,,ΑΛ ΜΟΚΑΒΛΟΟΝ,,
952,1560,,,,,ΣΜΟΥΧΑ,,
953,1561,,,,,ΕΛ ΧΟΝΤΟΟΝΤ,,
954,1562,,,,,ΠΥΡΑΜΙΝΤΣ,,
955,1563,,,,,ΑΛ ΜΑΡΣΙ,,
956,1564,,,,,ΝΟΓΚΟΟΜ,,
957,1565,,,,,ΕΛ ΓΚΟΥΝΑ,,
958,1566,,,,,ΑΛ ΑΧΛΙ,,
959,1567,,,,,ΕΛ ΝΤΑΚΛΕΓΙΑ,,
960,1568,,,,,ΕΛ ΧΑΡΜΠΙ,,
961,1569,,,,,ΕΛ ΖΑΜΑΛΕΚ,,
962,1570,,,,,ΕΛ ΓΚΕΙΣΧ,,
963,1571,,,,,ΕΝΠΙ,,
964,1572,,,,,ΑΛ ΙΤΙΧΑΝΤ,,
965,1573,,,,,ΒΑΝΤΙ ΝΤΕΓΚΛΑ,,
966,1574,,,,,ΠΕΤΡΟΤΖΕΤ,,
967,1575,,,,,ΜΙΣΡ ΕΛ ΜΑΚΑΣΑ,,
968,1576,,,,,ΙΣΜΑΙΛΙ,,
969,1578,,,,,ΚΑΜΠΙΛΙΕ,,
970,1579,,,,,MO ΜΠΕΤΖΑΙΑ,,
971,1580,,,,,ΣΑΟΥΡΑ,,
972,1581,,,,,ΜΠΕΛΟΥΙΖΝΤΑΝΤ,,
973,1582,,,,,ΤΑΝΤΖΕΝΑΝΤ,,
974,1583,,,,,CABBA,,
975,1584,,,,,ΣΕΤΙΦ,,
976,1585,,,,,ΠΑΡΑΝΤΟΥ,,
977,1586,,,,,MC ΑΛΖΕΡ,,
978,1587,,,,,MC ΟΡΑΝ,,
979,1588,,,,,ΚΟΝΣΤΑΝΤΙΝ,,
980,1589,,,,,USM ΑΛΖΕΡ,,
981,1590,,,,,ΧΟΥΣΕΐΝ ΝΤΕΙ,,
982,1591,,,,,ΟΛΙΜΠΙΚ ΜΕΝΤΕΑ,,
983,1592,,,,,ΑΐΝ ΜΙΓΙΑ,,
984,1593,,,,,ΜΠΕΛ ΑΜΠΕΣ,,
985,1595,,,,,ΑΛ ΦΟΥΖΑΡΑ,,
986,1596,,,,,ΕΜΙΡΕΙΤΣ,,
987,1597,,,,,ΑΛ ΒΑΣΛ,,
988,1598,,,,,ΑΙΜΑΝ,,
989,1599,,,,,ΑΛ ΝΑΣΡ,,
990,1600,,,,,ΑΛ ΤΖΑΖΙΡΑ,,
991,1601,,,,,ΜΠΑΝΙΓΙΑΣ,,
992,1602,,,,,ΑΛ ΑΙΝ,,
993,1603,,,,,ΑΛ ΓΟΥΑΝΤΑ,,
994,1604,,,,,ΑΛ ΙΤΙΧΑΝΤ ΚΑΛΜΠΑ,,
995,1605,,,,,ΝΤΙΜΠΑ ΑΛ ΦΟΥΖΑΡΑ,,
996,1606,,,,,ΣΑΡΑΧ,,
997,1607,,,,,Σ. ΑΛ ΑΧΛΙ ΝΤΟΥΜΠΑΙ,,
998,1608,,,,,ΑΛ ΝΤΑΦΡΑ,,
999,1610,,,,,ΠΑΠΙΝΤΕΧ,,
1000,1611,,,,,ΤΡ. ΣΑΖΙ ΤΑΜΠΡΙΖ,,
1001,1612,,,,,ΝΑΦΤ ΣΟΛΕΙΜΑΝ,,
1002,1613,,,,,ΠΕΡΣΕΠΟΛΙΣ,,
1003,1614,,,,,ΣΑΙΠΑ,,
1004,1615,,,,,ΣΑΝΑΤ ΝΑΦΤ,,
1005,1616,,,,,ΣΕΠΑΧΑΝ,,
1006,1617,,,,,Μ. ΣΑΖΙ,,
1007,1618,,,,,ΕΣΤ. ΚΟΥΖΕΣΤΑΝ,,
1008,1619,,,,,ΦΟΛΑΝΤ ΚΟΥΖΕΣΤΑΝ,,
1009,1620,,,,,ΠΑΙΚΑΝ,,
1010,1621,,,,,ΕΣΤΕΓΚΑΛ,,
1011,1528,tsoykaritski,,,,ΤΣΟΥΚΑΡΙΤΣΚΙ,,
1012,1485,oyipest,,,,ΟΥΙΠΕΣΤ,,
1013,1484,ferentsvaros,,,,ΦΕΡΕΝΤΣΒΑΡΟΣ,,
1014,1498,sachtar,,,,ΣΑΧΤΑΡ,,
1015,1507,kloyz,,,,ΚΛΟΥΖ,,
1016,1622,,,,,ΜΑΖΑΝΤΑΡΑΝ,,
1017,1623,,,,,ΖΟΜΠ ΑΧΑΝ,,
1018,1624,,,,,ΡΑΣΧΤ,,
1019,1625,,,,,ΠΑΡΣ ΤΖΟΝΟΥΜΠΙ,,
1020,1627,,,,,ΟΥΤΖΑ,,
1021,1628,,,,,ΟΛΙΜΠΙΚ ΝΤΕ ΣΑΦΙ,,
1022,1629,,,,,ΡΑΠΙΝΤ ΚΛΑΜΠ,,
1023,1630,,,,,ΙΤΙΧΑΝΤ ΤΑΝΖΕΡ,,
1024,1631,,,,,ΣΑΜΠΑΜΠ,,
1025,1632,,,,,FUS ΡΑΜΠΑΤ,,
1026,1633,,,,,ΡΑΧΑ ΚΑΖΑΜΠΛΑΝΚΑ,,
1027,1634,,,,,ΜΠΕΡΚΑΝΕ,,
1028,1635,,,,,ΤΕΤΟΥΑΝ,,
1029,1636,,,,,ΟΥΙΝΤΑΝΤ ΚΑΖΑΜΠΛΑΝΚΑ,,
1030,1637,,,,,FAR ΡΑΜΠΑΝΤ,,
1031,1638,,,,,ΓΙΟΥΣΟΥΦΙΑ ΜΠ.,,
1032,1639,,,,,ΝΤΙΦΑΑ ΕΛ ΤΖΑΝΤΙΝΤΑ,,
1033,1640,,,,,Χ. ΑΓΚΑΝΤΙΡ,,
1034,1641,,,,,ΚΑΜΠΑΜΠ ΜΑΡΑΚΕΣ,,
1035,1642,,,,,ΚΟΥΡΙΜΠΓΚΑ,,
1036,1644,,,,,ΣΟΥΠΕΡΣΠΟΡΤ,,
1037,1645,,,,,ΧΑΙΛΑΝΤΣ ΠΑΡΚ,,
1038,1646,,,,,ΚΕΙΠ ΤΑΟΥΝ ΣΙΤΙ,,
1039,1647,,,,,ΠΟΛΟΚΟΥΕΙΝ,,
1040,1648,,,,,ΜΠΛΟΥΜΦΟΝΤΕΙΝ,,
1041,1649,,,,,ΑΜΑΖΟΥΛΟΥ,,
1042,1650,,,,,ΜΠΑΡΟΚΑ,,
1043,1651,,,,,ΜΠΛΑΚ ΛΕΟΠΑΡΝΤΣ,,
1044,1652,,,,,ΓΚΟΛΝΤΕΝ ΑΡΟΟΥΣ,,
1045,1653,,,,,ΤΣΙΠΑ,,
1046,1654,,,,,ΟΡΛΑΝΤΟ ΠΑΙΡΑΤΣ,,
1047,1655,,,,,ΦΡΙ ΣΤΕΙΤ,,
1048,1656,,,,,ΚΑΙΖΕΡ ΤΣΙΦΣ,,
1049,1657,,,,,ΜΑΡΙΤΖΜΠΟΥΡΓΚ,,
1050,1658,,,,,ΜΠΙΝΤΒΕΣΤ,,
1051,1659,,,,,ΜΑΜΕΛΟΝΤΙ ΣΑΝΤΑΟΥΝΣ,,
1052,1661,,,,,ΑΛ ΤΑΑΒΟΝ,,
1053,1662,,,,,ΑΛ ΦΕΙΧΑ,,
1054,1663,,,,,ΟΧΟΝΤ,,
1055,1664,,,,,ΑΛ ΚΑΝΤΑΣΙΓΙΑ,,
1056,1665,,,,,ΑΛ ΦΑΙΣΑΛΙ,,
1057,1666,,,,,ΑΛ ΦΑΤΕΧ,,
1058,1667,,,,,ΑΛ ΧΙΛΑΛ,,
1059,1668,,,,,ΑΛ ΑΧΛΙ,,
1060,1669,,,,,ΑΛ ΣΑΜΠΑΜΠ,,
1061,1670,,,,,ΑΛ ΒΕΝΤΑ,,
1062,1671,,,,,ΑΛ ΝΑΣΡ,,
1063,1672,,,,,ΑΛ ΧΑΖΜ,,
1064,1673,,,,,ΑΛ ΙΤΙΧΑΝΤ,,
1065,1674,,,,,ΑΛ ΕΤΙΦΑΚ,,
1066,1675,,,,,ΑΛ ΜΠΑΤΙΝ,,
1067,1676,,,,,ΑΛ ΡΑΕΝΤ,,
1068,1678,,,,,ΣΤΑΝΤ ΤΙΝΙΣΙΕΝ,,
1069,1679,,,,,ΕΣΠΕΡΑΝΣ,,
1070,1680,,,,,ΜΟΝΑΣΤΙΡ,,
1071,1681,,,,,ΤΑΤΟΥΙΝ,,
1072,1682,,,,,ΕΤΟΥΑΛ,,
1073,1683,,,,,ΚΛΑΜΠ ΑΦΡΙΚΕΝ,,
1074,1684,,,,,ΓΚΑΜΠΕΣ,,
1075,1685,,,,,ΧΑΜΑΜ ΛΙΦ,,
1076,1686,,,,,ΜΠΙΖΕΡΤΙΕΝ,,
1077,1687,,,,,ΣΦΑΞΙΕΝ,,
1078,1688,,,,,ΜΠΕΝ ΓΚΕΡΝΤΑΝ,,
1079,1689,,,,,ΕΤΟΥΑΛ ΜΕΤΛΑΟΥΙ,,
1080,1690,,,,,ΚΑΙΡΟΥΑΝ,,
1081,1691,,,,,ΣΤΑΝΤ ΓΚΑΜΠΕΖΙΑΝ,,
1082,1098,koritimpa,,,,ΚΟΡΙΤΙΜΠΑ,,
1083,1867,gkoias,,,,ΓΚΟΪΑΣ,,
1084,1180,tichoyana,,,,ΤΙΧΟΥΑΝΑ,,
1085,1871,masatlan,,,,ΜΑΣΑΤΛΑΝ,,
1086,1873,kintio,,,,ΚΙΝΤΙΟ,,
1087,1883,pelotas,,,,ΠΕΛΟΤΑΣ,,
1088,1038,sarmiento,,,,ΣΑΡΜΙΕΝΤΟ,,
1089,1002,rozario,,,,ΡΟΖΑΡΙΟ,,
1090,195,santerlant,,,,ΣΑΝΤΕΡΛΑΝΤ,,
1091,156,goyigkan,,,,ΓΟΥΙΓΚΑΝ,,
1092,477,gkrenompl,,,,ΓΚΡΕΝΟΜΠΛ,,
1093,1894,plimoyth,,,,ΠΛΙΜΟΥΘ,,
1094,207,morkam,,,,ΜΟΡΚΑΜ,,
1095,1899,portsmoyth,,,,ΠΟΡΤΣΜΟΥΘ,,
1096,180,goyimplenton,,,,ΓΟΥΙΜΠΛΕΝΤΟΝ,,
1097,599,gkraschopers,,,,ΓΚΡΑΣΧΟΠΕΡΣ,,
1098,1907,gioyngk-mpois,,,,ΓΙΟΥΝΓΚ ΜΠΟΪΣ,,
1099,166,stooyk,,,,ΣΤΟΟΥΚ,,
1100,147,chantersfilnt,,,,ΧΑΝΤΕΡΣΦΙΛΝΤ,,
1101,1980,karlail,,,,ΚΑΡΛΑΪΛ,,
1102,199,pitermporo,,,,ΠΙΤΕΡΜΠΟΡΟ,,
1103,523,rint,,,,ΡΙΝΤ,,
1104,1993,komo,,,,ΚΟΜΟ,,
1105,1994,katantzaro,,,,ΚΑΤΑΝΤΖΑΡΟ,,
1106,165,sefilnt-goyen,,,,ΣΕΦΙΛΝΤ ΓΟΥΕΝ.,,
1107,480,azaxio,,,,ΑΖΑΞΙΟ,,
1108,2022,vernamo,,,,ΒΕΡΝΑΜΟ,,
1109,976,elsinki,,,,ΕΛΣΙΝΚΙ,,
1110,2030,stiveneitz,,,,ΣΤΙΒΕΝΕΪΤΖ,,
1111,234,mparooy,,,,ΜΠΑΡΟΟΥ,,
1112,2032,skanthorp,,,,ΣΚΑΝΘΟΡΠ,,
1113,213,nioyport,,,,ΝΙΟΥΠΟΡΤ,,
1114,2036,northampton,,,,ΝΟΡΘΑΜΠΤΟΝ,,
1115,2037,port-veil,,,,ΠΟΡΤ ΒΕΪΛ,,
1116,2042,charogkeit,,,,ΧΑΡΟΓΚΕΪΤ,,
1117,223,forest-gkrin,,,,ΦΟΡΕΣΤ ΓΚΡΙΝ,,
1118,175,sefilnt-gioyn,,,,ΣΕΦΙΛΝΤ ΓΙΟΥΝ.,,
1119,2066,,,,,ΟΛΥΜΠΙΑΚΟΣ Β,,
1120,2071,,,,,ΠΑΟΚ Β,,
1121,2078,,,,,ΑΝΕΣΙ,,
1122,2079,,,,,ΣΕΝΤΑΝ,,
1123,2080,,,,,ΣΤΑΝΤ ΜΠΡΙΟΣΕΝ,,
1124,2081,,,,,ΣΕΤ,,
1125,2082,,,,,ΚΡΕΤΕΙΓ,,
1126,2083,,,,,ΜΠΑΣΤΙΑ ΜΠΟΡΓΚΟ,,
1127,307,,,,,ΓΚΡΟΙΤΕΡ ΦΙΡΤ,,
1128,2086,,,,,ΒΑΛΝΤΧΟΦ ΜΑΝΧΑΙΜ,,
1129,2087,,,,,ΒΙΚΤΩΡΙΑ ΒΕΡΟΛΙΝΟΥ,,
1130,2088,,,,,ΖΑΑΡΜΠΡΙΚΕΝ,,
1131,2089,,,,,ΝΤΟΡΤΜΟΥΝΤ ΙΙ,,
1132,2090,,,,,ΤΟΥΡΚΓΚΟΥΤΣΟΥ,,
1133,2091,,,,,ΦΕΡΛ,,
1134,2092,,,,,ΒΙΚΤΩΡΙΑ ΚΟΛΩΝΙΑΣ,,
1135,2093,,,,,ΦΡΑΙΜΠΟΥΡΓΚ ΙΙ,,
1136,2084,leipsia,,,,ΛΕΙΨΙΑ,,
1137,2063,ionikos,,,,ΙΩΝΙΚΟΣ,,
1138,2064,almopos-ar,,,,ΑΛΜΩΠΟΣ ΑΡ.,,
1139,2074,niki-voloy,,,,ΝΙΚΗ ΒΟΛΟΥ,,
1140,2072,pierikos,,,,ΠΙΕΡΙΚΟΣ,,
1141,2073,thesprotos,,,,ΘΕΣΠΡΩΤΟΣ,,
1142,2068,veroia,,,,ΒΕΡΟΙΑ,,
1143,2094,,,,,ΧΑΒΕΛΖΕ,,
1144,2107,soyntirol,,,,ΣΟΥΝΤΙΡΟΛ,,
1145,2109,ternana,,,,ΤΕΡΝΑΝΑ,,
1146,2110,avelino,,,,ΑΒΕΛΙΝΟ,,
1147,2115,kingkntao,,,,ΚΙΝΓΚΝΤΑΟ,,
1148,1327,chenan,,,,ΧΕΝΑΝ,,
1149,1320,tsongkingk,,,,ΤΣΟΝΓΚΙΝΓΚ,,
1150,2117,gkoyangktzoy,,,,ΓΚΟΥΑΝΓΚΤΖΟΥ,,
1151,2119,kangktzoy,,,,ΚΑΝΓΚΤΖΟΥ,,
1152,2121,sampaio,,,,ΣΑΜΠΑΪΟ,,
1153,2123,gkoyangktzoy-siti,,,,ΓΚΟΥΑΝΓΚΤΖΟΥ ΣΙΤΙ,,
1154,2127,mpai,,,,ΜΠΑΪ́Α,,
1155,1215,sero-portenio,,,,ΣΕΡΟ ΠΟΡΤΕΝΙΟ,,
1156,2134,gkoyairenia,,,,ΓΚΟΥΑΪΡΕΝΙΑ,,
1157,2137,oyn-katolika,,,,ΟΥΝ. ΚΑΤΟΛΙΚΑ,,
1158,2138,la-serena,,,,ΛΑ ΣΕΡΕΝΑ,,
1159,2140,nasional,,,,ΝΑΣΙΟΝΑΛ,,
1160,2162,pereira,,,,ΠΕΡΕΪΡΑ,,
1161,2172,ntep-maldonado,,,,ΝΤΕΠ. ΜΑΛΔΟΝΑΔΟ,,
1162,2180,remo,,,,ΡΕΜΟ,,
1163,2189,konfiansa,,,,ΚΟΝΦΙΑΝΣΑ,,
1164,2195,avai,,,,ΑΒΑΪ́,,
1165,2196,gkoyarani,,,,ΓΚΟΥΑΡΑΝΙ,,
1166,2214,lantskroyna,,,,ΛΑΝΤΣΚΡΟΥΝΑ,,
1167,903,trelemporgk,,,,ΤΡΕΛΕΜΠΟΡΓΚ,,
1168,1259,kompresal,,,,ΚΟΜΠΡΕΣΑΛ,,
1169,812,sotsi,,,,ΣΟΤΣΙ,,
1170,797,oyral,,,,ΟΥΡΑΛ,,
1171,1029,sent-kordova,,,,ΣΕΝΤ. ΚΟΡΔΟΒΑ,,
1172,2241,estoydiantes,,,,ΕΣΤΟΥΔΙΑΝΤΕΣ,,
1173,2247,zil-visente,,,,ΖΙΛ ΒΙΣΕΝΤΕ,,
1174,2249,aliansa-oyn,,,,ΑΛΙΑΝΣΑ ΟΥΝ.,,
1175,1156,mpoykaramangka,,,,ΜΠΟΥΚΑΡΑΜΑΝΓΚΑ,,
1176,1171,tzagkoyares,,,,ΤΖΑΓΚΟΥΑΡΕΣ,,
1177,2256,siensiano,,,,ΣΙΕΝΣΙΑΝΟ,,
1178,910,ergkrite,,,,ΕΡΓΚΡΙΤΕ,,
1179,2261,akropolis,,,,ΑΚΡΟΠΟΛΙΣ,,
1180,2263,gkais,,,,ΓΚΑΪΣ,,
1181,2264,vasaloynt,,,,ΒΑΣΑΛΟΥΝΤ,,
1182,2267,soynt-amerika,,,,ΣΟΥΝΤ ΑΜΕΡΙΚΑ,,
1183,2268,goyonterers,,,,ΓΟΥΟΝΤΕΡΕΡΣ,,
1184,2271,g-oytrechti,,,,Γ. ΟΥΤΡΕΧΤΗ,,
1185,2273,g-alkmaar,,,,Γ. ΑΛΚΜΑΑΡ,,
1186,747,visla-plok,,,,ΒΙΣΛΑ ΠΛΟΚ,,
1187,2275,rantomiak,,,,ΡΑΝΤΟΜΙΑΚ,,
1188,2277,sangkai-port,,,,ΣΑΝΓΚΑΗ ΠΟΡΤ,,
1189,2278,goychan,,,,ΓΟΥΧΑΝ,,
1190,2280,tsangktsoyn,,,,ΤΣΑΝΓΚΤΣΟΥΝ,,
1191,2281,chempei,,,,ΧΕΜΠΕΪ,,
1192,2283,tiantzin,,,,ΤΙΑΝΤΖΙΝ,,
1193,2286,foykoyoka,,,,ΦΟΥΚΟΥΟΚΑ,,
1194,2288,tserezo-osaka,,,,ΤΣΕΡΕΖΟ ΟΣΑΚΑ,,
1195,2289,sentai,,,,ΣΕΝΤΑΪ,,
1196,2291,gkampa-osaka,,,,ΓΚΑΜΠΑ ΟΣΑΚΑ,,
1197,2293,sonan,,,,ΣΟΝΑΝ,,
1198,1287,sagkan-tosoy,,,,ΣΑΓΚΑΝ ΤΟΣΟΥ,,
1199,2297,simizoy-giokochama,,,,ΟΪ́ΤΑ ΤΡΙΝΙΤΑ,,
1200,1314,giokochama,,,,ΓΙΟΚΟΧΑΜΑ,,
1201,1279,nagkogia,,,,ΝΑΓΚΟΓΙΑ,,
1202,2301,saporo,,,,ΣΑΠΟΡΟ,,
1203,2303,everton,,,,ΕΒΕΡΤΟΝ,,
1204,958,giamplonets,,,,ΓΙΑΜΠΛΟΝΕΤΣ,,
1205,2310,parntoympitse,,,,ΠΑΡΝΤΟΥΜΠΙΤΣΕ,,
1206,2311,m-mpoleslav,,,,Μ. ΜΠΟΛΕΣΛΑΒ,,
1207,1247,kolo-kolo,,,,ΚΟΛΟ ΚΟΛΟ,,
1208,2314,river-pleit,,,,ΡΙΒΕΡ ΠΛΕΪΤ,,
1209,2320,12-nte-oktoympre,,,,12 ΝΤΕ ΟΚΤΟΥΜΠΡΕ,,
1210,1085,seara,,,,ΣΕΑΡΑ,,
1211,2322,atl-gkoianiense,,,,ΑΤΛ. ΓΚΟΪΑΝΙΕΝΣΕ,,
1212,2324,rasingk,,,,ΡΑΣΙΝΓΚ,,
1213,834,chimpernian,,,,ΧΙΜΠΕΡΝΙΑΝ,,
1214,1168,mentegin,,,,ΜΕΝΤΕΓΙΝ,,
1215,836,livingkston,,,,ΛΙΒΙΝΓΚΣΤΟΝ,,
1216,2331,noyeve-nte-oktoympre,,,,9 ΝΤΕ ΟΚΤΟΥΜΠΡΕ,,
1217,1068,internasional,,,,ΙΝΤΕΡΝΑΣΙΟΝΑΛ,,
1218,2338,longkfornt,,,,ΛΟΝΓΚΦΟΡΝΤ,,
1219,2341,oyn-san-martin,,,,ΟΥΝ. ΣΑΝ ΜΑΡΤΙΝ,,
1220,2342,aliansa-l,,,,ΑΛΙΑΝΣΑ Λ.,,
1221,2344,orense,,,,ΟΡΕΝΣΕ,,
1222,1161,tzoynior,,,,ΤΖΟΥΝΙΟΡ,,
1223,975,lachti,,,,ΛΑΧΤΙ,,
1224,2352,zoyventoyde,,,,ΖΟΥΒΕΝΤΟΥΔΕ,,
1225,2353,atl-mineiro,,,,ΑΤΛ. ΜΙΝΕΪΡΟ,,
1226,2355,sport-mpois,,,,ΣΠΟΡΤ ΜΠΟΪΣ,,
1227,2360,chimnasia-lp,,,,ΧΙΜΝΑΣΙΑ Λ.Π.,,
1228,667,kristiansoynt,,,,ΚΡΙΣΤΙΑΝΣΟΥΝΤ,,
1229,1086,floyminense,,,,ΦΛΟΥΜΙΝΕΝΣΕ,,
1230,2367,koysko,,,,ΚΟΥΣΚΟ,,
1231,2368,al-atletiko,,,,ΑΛ. ΑΤΛΕΤΙΚΟ,,
1232,576,sonteriske,,,,ΣΟΝΤΕΡΙΣΚΕ,,
1233,2371,serito,,,,ΣΕΡΙΤΟ,,
1234,2372,nasional,,,,ΝΑΣΙΟΝΑΛ,,
1235,701,nten-chaagk,,,,ΝΤΕΝ ΧΑΑΓΚ,,
1236,2375,g-agiax,,,,Γ. ΑΓΙΑΞ,,
1237,2382,atl-san-loyis,,,,ΑΤΛ. ΣΑΝ ΛΟΥΙΣ,,
1238,2384,santos,,,,ΣΑΝΤΟΣ,,
1239,2385,korinthians,,,,ΚΟΡΙΝΘΙΑΝΣ,,
1240,2387,liverpoyl,,,,ΛΙΒΕΡΠΟΥΛ,,
1241,2388,vigia-espaniol,,,,ΒΙΓΙΑ ΕΣΠΑΝΙΟΛ,,
1242,2390,serengk,,,,ΣΕΡΕΝΓΚ,,
1243,2392,volfsmpergker,,,,ΒΟΛΦΣΜΠΕΡΓΚΕΡ,,
1244,2394,pasos-fereira,,,,ΠΑΣΟΣ ΦΕΡΕΪΡΑ,,
1245,2396,marseig,,,,ΜΑΡΣΕΪΓ,,
1246,2399,leoyven,,,,ΛΕΟΥΒΕΝ,,
1247,766,santa-klara,,,,ΣΑΝΤΑ ΚΛΑΡΑ,,
1248,2406,s-goyonterers,,,,Σ. ΓΟΥΟΝΤΕΡΕΡΣ,,
1249,2411,chaintenchaim,,,,ΧΑΪΝΤΕΝΧΑΪΜ,,
1250,551,slask-lechia,,,,ΣΤΑΝΤΑΡ Λ.,,
1251,2414,visla-krakovias,,,,ΒΙΣΛΑ ΚΡ.,,
1252,2415,rakof,,,,ΡΑΚΟΦ,,
1253,743,piast-gkl,,,,ΠΙΑΣΤ ΓΚΛ.,,
1254,902,ntegkerfors,,,,ΝΤΕΓΚΕΡΦΟΡΣ,,
1255,881,tzoyrgkarnten,,,,ΤΖΟΥΡΓΚΑΡΝΤΕΝ,,
1256,2097,kadith,,,,ΚΑΔΙΘ,,
1257,2421,aik,,,,ΑΪΚ,,
1258,2561,rotsnteil,,,,ΡΟΤΣΝΤΕΪΛ,,
1259,2564,liverpoyl,,,,ΛΙΒΕΡΠΟΥΛ,,
1260,2567,mpraiton,,,,ΜΠΡΑΪΤΟΝ,,
1261,2571,everton,,,,ΕΒΕΡΤΟΝ,,
1262,2572,saoythampton,,,,ΣΑΟΥΘΑΜΠΤΟΝ,,
1263,144,mantsester-g,,,,ΜΑΝΤΣΕΣΤΕΡ Γ.,,
1264,2579,mpornmoyth,,,,ΜΠΟΡΝΜΟΥΘ,,
1265,2581,montsa,,,,ΜΟΝΤΣΑ,,
1266,2604,mpoyntegiovitse,,,,ΜΠΟΥΝΤΕΓΙΟΒΙΤΣΕ,,
1267,2616,gkroiter-firt,,,,ΓΚΡΟΪΤΕΡ ΦΙΡΤ,,
1268,2619,chofenchaim,,,,ΧΟΦΕΝΧΑΪΜ,,
1269,723,naimegken,,,,ΝΑΪΜΕΓΚΕΝ,,
1270,2625,fraimpoyrgk,,,,ΦΡΑΪΜΠΟΥΡΓΚ,,
1271,2627,aintchofen,,,,ΑΪΝΤΧΟΦΕΝ,,
1272,2633,leiton-or,,,,ΛΕΪΤΟΝ ΟΡ.,,
1273,2637,chataispor,,,,ΧΑΤΑΪΣΠΟΡ,,
1274,2639,altai,,,,ΑΛΤΑΪ,,
1275,2640,kaiserispor,,,,ΚΑΪΣΕΡΙΣΠΟΡ,,
1276,2642,f,,,,ΚΑΡΑΓΚΙΟΥΜΡΟΥΚ,,
1277,2643,karagkoymroyk-gk,,,,ΓΚ. ΓΚΑΖΙΑΝΤΕΠ,,
1278,2648,choyares,,,,ΧΟΥΑΡΕΣ,,
1279,2651,oyn-katolika,,,,ΟΥΝ. ΚΑΤΟΛΙΚΑ,,
1280,2654,cholstain-kil,,,,ΧΟΛΣΤΑΪΝ ΚΙΛ,,
1281,1241,karlos-manoytsi,,,,ΚΑΡΛΟΣ ΜΑΝΟΥΤΣΙ,,
1282,2665,gkooy-achent,,,,ΓΚΟΟΥ ΑΧΕΝΤ,,
1283,2672,arsenal,,,,ΑΡΣΕΝΑΛ,,
1284,2677,stal-mielets,,,,ΣΤΑΛ ΜΙΕΛΕΤΣ,,
1285,2679,nietsietza,,,,ΝΙΕΤΣΙΕΤΖΑ,,
1286,737,lech-poznan,,,,ΛΕΧ ΠΟΖΝΑΝ,,
1287,593,vimporgk,,,,ΒΙΜΠΟΡΓΚ,,
1288,2096,valenthia,,,,ΒΑΛΕΝΘΙΑ,,
1289,2690,impitha,,,,ΙΜΠΙΘΑ,,
1290,2692,eimpar,,,,ΕΪΜΠΑΡ,,
1291,2697,porntenone,,,,ΠΟΡΝΤΕΝΟΝΕ,,
1292,708,nte-gkraafstsap,,,,ΝΤΕ ΓΚΡΑΑΦΣΤΣΑΠ,,
1293,2708,mproyske,,,,ΜΠΡΟΥΣΚΕ,,
1294,2796,naoytiko,,,,ΝΑΟΥΤΙΚΟ,,
1295,2799,kroyzeiro,,,,ΚΡΟΥΖΕΪΡΟ,,
1296,2077,mpastia,,,,ΜΠΑΣΤΙΑ,,
1297,2930,santos,,,,ΣΑΝΤΟΣ,,
1298,1152,ligka-nte-kito,,,,ΛΙΓΚΑ ΝΤΕ ΚΙΤΟ,,
1299,2938,mpreintamplik,,,,ΜΠΡΕΪΝΤΑΜΠΛΙΚ,,
1300,2941,galatasarai,,,,ΓΑΛΑΤΑΣΑΡΑΪ,,
1301,2943,neftsi,,,,ΝΕΦΤΣΙ,,
1302,2947,ch-mper-seva,,,,Χ. ΜΠΕΡ ΣΕΒΑ,,
1303,926,trampzonspor,,,,ΤΡΑΜΠΖΟΝΣΠΟΡ,,
1304,2950,torsavn,,,,ΤΟΡΣΑΒΝ,,
1305,2951,mak-chaifa,,,,ΜΑΚ. ΧΑΪΦΑ,,
1306,2953,zilina,,,,ΖΙΛΙΝΑ,,
1307,2954,tompol,,,,ΤΟΜΠΟΛ,,
1308,2956,a-sp,,,,ΣΠ. ΤΡΝΑΒΑ,,
1309,2958,leirn,,,,ΛΕΪΡΝ,,
1310,2960,pristina,,,,ΠΡΙΣΤΙΝΑ,,
1311,2962,voivontina,,,,ΒΟΪΒΟΝΤΙΝΑ,,
1312,1520,partizan-v,,,,ΠΑΡΤΙΖΑΝ Β.,,
1313,1394,lok-plovntiv,,,,ΛΟΚ. ΠΛΟΒΝΤΙΒ,,
1314,2966,chimpernians,,,,ΧΙΜΠΕΡΝΙΑΝΣ,,
1315,2969,karampagk,,,,ΚΑΡΑΜΠΑΓΚ,,
1316,2971,anorthosi,,,,ΑΝΟΡΘΩΣΗ,,
1317,2973,fola-es,,,,ΦΟΛΑ ΕΣ,,
1318,2977,astana,,,,ΑΣΤΑΝΑ,,
1319,2979,velez-mostar,,,,ΒΕΛΕΖ ΜΟΣΤΑΡ,,
1320,2982,olimpia-loymp,,,,ΟΛΙΜΠΙΑ ΛΟΥΜΠ.,,
1321,1402,tsska-sofias,,,,ΤΣΣΚΑ ΣΟΦΙΑΣ,,
1322,627,mpoemian,,,,ΜΠΟΕΜΙΑΝ,,
1323,2989,moyra,,,,ΜΟΥΡΑ,,
1324,2991,alaskert,,,,ΑΛΑΣΚΕΡΤ,,
1325,2992,kairat,,,,ΚΑΪΡΑΤ,,
1326,2994,nt-mpatoymi,,,,ΝΤ. ΜΠΑΤΟΥΜΙ,,
1327,2997,monterei,,,,ΜΟΝΤΕΡΕΪ,,
1328,3000,river,,,,ΡΙΒΕΡ,,
1329,1230,sp-kristal,,,,ΣΠ. ΚΡΙΣΤΑΛ,,
1330,415,salernitana,,,,ΣΑΛΕΡΝΙΤΑΝΑ,,
1331,3221,retzina,,,,ΡΕΤΖΙΝΑ,,
1332,3226,g-aintchofen,,,,Γ. ΑΪΝΤΧΟΦΕΝ,,
1333,3229,gkoyarani,,,,ΓΚΟΥΑΡΑΝΙ,,
1334,3241,torke,,,,ΤΟΡΚΕ,,
1335,1196,sero-largko,,,,ΣΕΡΟ ΛΑΡΓΚΟ,,
1336,3244,river,,,,ΡΙΒΕΡ,,
1337,3248,santos,,,,ΣΑΝΤΟΣ,,
1338,3249,goyadalachara,,,,ΓΟΥΑΔΑΛΑΧΑΡΑ,,
1339,3260,manta,,,,ΜΑΝΤΑ,,
1340,1143,moysoyk-royna,,,,ΜΟΥΣΟΥΚ ΡΟΥΝΑ,,
1341,937,gkiresoynspor,,,,ΓΚΙΡΕΣΟΥΝΣΠΟΡ,,
1342,553,serkl-mpriz,,,,ΣΕΡΚΛ ΜΠΡΙΖ,,
1343,3277,moreirense,,,,ΜΟΡΕΪΡΕΝΣΕ,,
1344,3282,gkornik-lekzna,,,,ΓΚΟΡΝΙΚ ΛΕΚΖΝΑ,,
1345,631,ntrochenta,,,,ΝΤΡΟΧΕΝΤΑ,,
1346,3299,foyenlamprada,,,,ΦΟΥΕΝΛΑΜΠΡΑΔΑ,,
1347,3303,mpoyrgos,,,,ΜΠΟΥΡΓΟΣ,,
1348,417,kremoneze,,,,ΚΡΕΜΟΝΕΖΕ,,
1349,3313,vitsentza,,,,ΒΙΤΣΕΝΤΖΑ,,
1350,3316,nioykastl,,,,ΝΙΟΥΚΑΣΤΛ,,
1351,145,goyest-cham,,,,ΓΟΥΕΣΤ ΧΑΜ,,
1352,468,mprest,,,,ΜΠΡΕΣΤ,,
1353,3325,chranters-kralove,,,,ΧΡΑΝΤΕΡΣ ΚΡΑΛΟΒΕ,,
1354,3327,mp-ostravas,,,,ΜΠ. ΟΣΤΡΑΒΑΣ,,
1355,795,krasnontar,,,,ΚΡΑΣΝΟΝΤΑΡ,,
1356,3334,arsenal,,,,ΑΡΣΕΝΑΛ,,
1357,930,fenermpachtse,,,,ΦΕΝΕΡΜΠΑΧΤΣΕ,,
1358,3344,melipigia,,,,ΜΕΛΙΠΙΓΙΑ,,
1359,3347,palmeiras,,,,ΠΑΛΜΕΪΡΑΣ,,
1360,1249,oyn-espaniola,,,,ΟΥΝ. ΕΣΠΑΝΙΟΛΑ,,
1361,3355,sp-oyankagio,,,,ΣΠ. ΟΥΑΝΚΑΓΙΟ,,
1362,3360,river,,,,ΡΙΒΕΡ,,
1363,626,fin-charps,,,,ΦΙΝ ΧΑΡΠΣ,,
1364,3365,ntep-moynisipal,,,,ΝΤΕΠ. ΜΟΥΝΙΣΙΠΑΛ,,
1365,3370,rentistas,,,,ΡΕΝΤΙΣΤΑΣ,,
1366,3380,agiakoytso,,,,ΑΓΙΑΚΟΥΤΣΟ,,
1367,3386,o-chigkins,,,,Ο' ΧΙΓΚΙΝΣ,,
1368,3389,maints,,,,ΜΑΪΝΤΣ,,
1369,767,sportingk,,,,ΣΠΟΡΤΙΝΓΚ,,
1370,3394,vizela,,,,ΒΙΖΕΛΑ,,
1371,969,zlin,,,,ΖΛΙΝ,,
1372,448,amian,,,,ΑΜΙΑΝ,,
1373,564,oynion-sent-ziloya,,,,ΟΥΝΙΟΝ ΣΕΝΤ ΖΙΛΟΥΑ,,
1374,3406,kortraik,,,,ΚΟΡΤΡΑΪΚ,,
1375,3408,aintracht-fr,,,,ΑΪΝΤΡΑΧΤ ΦΡ.,,
1376,3410,varta-posnan,,,,ΒΑΡΤΑ ΠΟΣΝΑΝ,,
1377,912,gionsepingk,,,,ΓΙΟΝΣΕΠΙΝΓΚ,,
1378,1155,santa-fe,,,,ΣΑΝΤΑ ΦΕ,,
1379,3633,nioymplense,,,,ΝΙΟΥΜΠΛΕΝΣΕ,,
1380,3637,godoi-kroyz,,,,ΓΟΔΟΪ ΚΡΟΥΖ,,
1381,738,giagkelonia,,,,ΓΙΑΓΚΕΛΟΝΙΑ,,
1382,3704,sosiedad-v,,,,ΣΟΣΙΕΔΑΔ Β,,
1383,2095,athl-mpilmpao,,,,ΑΘΛ. ΜΠΙΛΜΠΑΟ,,
1384,388,sassoyolo,,,,ΣΑΣΣΟΥΟΛΟ,,
1385,3751,sen-gkalen,,,,ΣΕΝ ΓΚΑΛΕΝ,,
1386,3767,aek-l,,,,ΑΕΚ Λ.,,
1387,704,zvole,,,,ΖΒΟΛΕ,,
1388,3800,reintzers,,,,ΡΕΪΝΤΖΕΡΣ,,
1389,3807,sachtior-kar,,,,ΣΑΧΤΙΟΡ ΚΑΡ.,,
1390,3819,slovan-mpr,,,,ΣΛΟΒΑΝ ΜΠΡ.,,
1391,3823,flora-talin,,,,ΦΛΟΡΑ ΤΑΛΙΝ,,
1392,1495,zoria,,,,ΖΟΡΙΑ,,
1393,3858,frentrikstant,,,,ΦΡΕΝΤΡΙΚΣΤΑΝΤ,,
1394,3860,asane,,,,ΑΣΑΝΕ,,
1395,3861,gkroroynt,,,,ΓΚΡΟΡΟΥΝΤ,,
1396,3863,stiorntals-mplink,,,,ΣΤΙΟΡΝΤΑΛΣ ΜΠΛΙΝΚ,,
1397,677,sogkntal,,,,ΣΟΓΚΝΤΑΛ,,
1398,686,aalesoynt,,,,ΑΑΛΕΣΟΥΝΤ,,
1399,3868,ranchaim,,,,ΡΑΝΧΑΪΜ,,
1400,3903,serif,,,,ΣΕΡΙΦ,,
1401,3920,seinagioen,,,,ΣΕΪΝΑΓΙΟΕΝ,,
1402,3931,veile,,,,ΒΕΪΛΕ,,
1403,3939,kartachena,,,,ΚΑΡΤΑΧΕΝΑ,,
1404,3941,mirantes,,,,ΜΙΡΑΝΤΕΣ,,
1405,390,gioyventoys,,,,ΓΙΟΥΒΕΝΤΟΥΣ,,
1406,1342,pochangk,,,,ΠΟΧΑΝΓΚ,,
1407,4457,amorempieta,,,,ΑΜΟΡΕΜΠΙΕΤΑ,,
1408,4514,ponferadina,,,,ΠΟΝΦΕΡΑΔΙΝΑ,,
1409,4570,gianeros,,,,ΓΙΑΝΕΡΟΣ,,
1410,4672,mprine,,,,ΜΠΡΙΝΕ,,
1411,4814,kolomvia,,,,ΚΟΛΟΜΒΙΑ,,
1412,4815,chili,,,,ΧΙΛΗ,,
1413,4817,vrazilia,,,,ΒΡΑΖΙΛΙΑ,,
1414,4818,peroy,,,,ΠΕΡΟΥ,,
1415,4820,paragoyai,,,,ΠΑΡΑΓΟΥΑΗ,,
1416,4821,venezoyela,,,,ΒΕΝΕΖΟΥΕΛΑ,,
1417,4823,argentini,,,,ΑΡΓΕΝΤΙΝΗ,,
1418,4824,volivia,,,,ΒΟΛΙΒΙΑ,,
1419,4826,oyroygoyai,,,,ΟΥΡΟΥΓΟΥΑΗ,,
1420,4827,isimerinos,,,,ΙΣΗΜΕΡΙΝΟΣ,,
1421,4829,ondoyra,,,,ΟΝΔΟΥΡΑ,,
1422,4830,ipa,,,,ΗΠΑ,,
1423,4832,panamas,,,,ΠΑΝΑΜΑΣ,,
1424,4833,mexiko,,,,ΜΕΞΙΚΟ,,
1425,4835,kosta-rika,,,,ΚΟΣΤΑ ΡΙΚΑ,,
1426,4836,tzamaika,,,,ΤΖΑΜΑΪΚΑ,,
1427,4838,kanadas,,,,ΚΑΝΑΔΑΣ,,
1428,4839,el-salvador,,,,ΕΛ ΣΑΛΒΑΔΟΡ,,
1429,4841,alvania,,,,ΑΛΒΑΝΙΑ,,
1430,4842,san-marino,,,,ΣΑΝ ΜΑΡΙΝΟ,,
1431,4844,oyalia,,,,ΟΥΑΛΙΑ,,
1432,4845,esthonia,,,,ΕΣΘΟΝΙΑ,,
1433,4847,v-irlandia,,,,Β. ΙΡΛΑΝΔΙΑ,,
1434,4848,elvetia,,,,ΕΛΒΕΤΙΑ,,
1435,4853,italia,,,,ΙΤΑΛΙΑ,,
1436,4854,lithoyania,,,,ΛΙΘΟΥΑΝΙΑ,,
1437,4856,polonia,,,,ΠΟΛΩΝΙΑ,,
1438,4857,agglia,,,,ΑΓΓΛΙΑ,,
1439,4859,oyggaria,,,,ΟΥΓΓΑΡΙΑ,,
1440,4860,andora,,,,ΑΝΔΟΡΑ,,
1441,4865,ellada,,,,ΕΛΛΑΔΑ,,
1442,4866,soyidia,,,,ΣΟΥΗΔΙΑ,,
1443,4868,islandia,,,,ΙΣΛΑΝΔΙΑ,,
1444,4869,germania,,,,ΓΕΡΜΑΝΙΑ,,
1445,4871,kosovo,,,,ΚΟΣΟΒΟ,,
1446,4872,ispania,,,,ΙΣΠΑΝΙΑ,,
1447,4874,voreia-makedonia,,,,ΒΟΡΕΙΑ ΜΑΚΕΔΟΝΙΑ,,
1448,4875,roymania,,,,ΡΟΥΜΑΝΙΑ,,
1449,4877,dania,,,,ΔΑΝΙΑ,,
1450,4878,israil,,,,ΙΣΡΑΗΛ,,
1451,4880,ollandia,,,,ΟΛΛΑΝΔΙΑ,,
1452,4881,toyrkia,,,,ΤΟΥΡΚΙΑ,,
1453,4883,aystria,,,,ΑΥΣΤΡΙΑ,,
1454,4884,skotia,,,,ΣΚΩΤΙΑ,,
1455,4886,vosnia,,,,ΒΟΣΝΙΑ,,
1456,4887,kazakstan,,,,ΚΑΖΑΚΣΤΑΝ,,
1457,4889,slovakia,,,,ΣΛΟΒΑΚΙΑ,,
1458,4890,kypros,,,,ΚΥΠΡΟΣ,,
1459,4892,irlandia,,,,ΙΡΛΑΝΔΙΑ,,
1460,4893,servia,,,,ΣΕΡΒΙΑ,,
1461,4895,mayrovoynio,,,,ΜΑΥΡΟΒΟΥΝΙΟ,,
1462,4896,letonia,,,,ΛΕΤΟΝΙΑ,,
1463,4898,gallia,,,,ΓΑΛΛΙΑ,,
1464,4899,finlandia,,,,ΦΙΝΛΑΝΔΙΑ,,
1465,4901,azermpaitzan,,,,ΑΖΕΡΜΠΑΪΤΖΑΝ,,
1466,4902,portogalia,,,,ΠΟΡΤΟΓΑΛΙΑ,,
1467,4904,n-feroes,,,,Ν. ΦΕΡΟΕΣ,,
1468,4905,moldavia,,,,ΜΟΛΔΑΒΙΑ,,
1469,4907,norvigia,,,,ΝΟΡΒΗΓΙΑ,,
1470,4908,givraltar,,,,ΓΙΒΡΑΛΤΑΡ,,
1471,4910,kroatia,,,,ΚΡΟΑΤΙΑ,,
1472,4911,slovenia,,,,ΣΛΟΒΕΝΙΑ,,
1473,4913,rosia,,,,ΡΩΣΙΑ,,
1474,4914,malta,,,,ΜΑΛΤΑ,,
1475,4916,kina,,,,ΚΙΝΑ,,
1476,4917,iaponia,,,,ΙΑΠΩΝΙΑ,,
1477,4919,irak,,,,ΙΡΑΚ,,
1478,4920,iran,,,,ΙΡΑΝ,,
1479,4922,syria,,,,ΣΥΡΙΑ,,
1480,4923,h,,,,H.A.E.,,
1481,4925,oman,,,,ΟΜΑΝ,,
1482,4926,saoyd-aravia,,,,ΣΑΟΥΔ. ΑΡΑΒΙΑ,,
1483,4928,vietnam,,,,ΒΙΕΤΝΑΜ,,
1484,4929,aystralia,,,,ΑΥΣΤΡΑΛΙΑ,,
1485,4931,n-korea,,,,Ν. ΚΟΡΕΑ,,
1486,4932,livanos,,,,ΛΙΒΑΝΟΣ,,
1487,4862,armenia,,,,ΑΡΜΕΝΙΑ,,
1488,4947,voylgaria,,,,ΒΟΥΛΓΑΡΙΑ,,
1489,4863,lichtenstain,,,,ΛΙΧΤΕΝΣΤΑΪΝ,,
1490,4850,leykorosia,,,,ΛΕΥΚΟΡΩΣΙΑ,,
1491,4851,velgio,,,,ΒΕΛΓΙΟ,,
1492,4951,tsechia,,,,ΤΣΕΧΙΑ,,
1493,4953,georgia,,,,ΓΕΩΡΓΙΑ,,
1494,4967,loyxemvoyrgo,,,,ΛΟΥΞΕΜΒΟΥΡΓΟ,,
1495,4969,oykrania,,,,ΟΥΚΡΑΝΙΑ,,
1496,5187,santos,,,,ΣΑΝΤΟΣ,,
1497,5193,arsenal,,,,ΑΡΣΕΝΑΛ,,
1498,5195,nioykastl,,,,ΝΙΟΥΚΑΣΤΛ,,
1499,5225,everton,,,,ΕΒΕΡΤΟΝ,,
1500,5351,olympiakos-l,,,,ΟΛΥΜΠΙΑΚΟΣ Λ.,,
1501,5352,aris-lem,,,,ΑΡΗΣ ΛΕΜ.,,
1502,6248,rasingk,,,,ΡΑΣΙΝΓΚ,,
1503,1349,intseon,,,,ΙΝΤΣΕΟΝ,,
1504,6304,soyon-siti,,,,ΣΟΥΟΝ ΣΙΤΙ,,
1505,782,sp-kovilia,,,,ΣΠ. ΚΟΒΙΛΙΑ,,
1506,6333,liverpoyl,,,,ΛΙΒΕΡΠΟΥΛ,,
1507,6386,ethn-achnas,,,,ΕΘΝ. ΑΧΝΑΣ,,
1508,1111,vankoyver,,,,ΒΑΝΚΟΥΒΕΡ,,
1509,6439,apollon-l,,,,ΑΠΟΛΛΩΝ Λ.,,
1510,1114,chioyston,,,,ΧΙΟΥΣΤΟΝ,,
1511,6527,solt-leik,,,,ΣΟΛΤ ΛΕΪΚ,,
1512,6533,ostin,,,,ΟΣΤΙΝ,,
1513,6534,san-chose,,,,ΣΑΝ ΧΟΣΕ,,
1514,6540,nasvil,,,,ΝΑΣΒΙΛ,,
1515,1112,sinsinati,,,,ΣΙΝΣΙΝΑΤΙ,,
1516,1125,oyasingkton,,,,ΟΥΑΣΙΝΓΚΤΟΝ,,
1517,6709,meinoyth,,,,ΜΕΪΝΟΥΘ,,
1518,637,goyexfornt,,,,ΓΟΥΕΞΦΟΡΝΤ,,
1519,6719,inter-maiami,,,,ΙΝΤΕΡ ΜΑΪΑΜΙ,,
1520,6740,paeek,,,,ΠΑΕΕΚ,,
1521,6773,slovan-mpr,,,,ΣΛΟΒΑΝ ΜΠΡ.,,
1522,6827,liverpoyl,,,,ΛΙΒΕΡΠΟΥΛ,,
1523,1490,nt-kievoy,,,,ΝΤ. ΚΙΕΒΟΥ,,
1524,7108,panathinaikos,,,,ΠΑΝΑΘΗΝΑΪΚΟΣ,,
1525,94,lamia,,,,ΛΑΜΙΑ,,
1526,93,pas-giannina,,,,ΠΑΣ ΓΙΑΝΝΙΝΑ,,
1527,10744,kozani,,,,ΚΟΖΑΝΗ,,
1528,10745,agios-nikolaos,,,,ΑΓΙΟΣ ΝΙΚΟΛΑΟΣ,,
1529,10747,diagoras-r,,,,ΔΙΑΓΟΡΑΣ Ρ.,,
1530,10749,ao-ypatoy,,,,ΑΟ ΥΠΑΤΟΥ,,
1531,2065,an-karditsas,,,,ΑΝ. ΚΑΡΔΙΤΣΑΣ,,
1532,10752,panserraikos,,,,ΠΑΝΣΕΡΡΑΪΚΟΣ,,
1533,10754,panachaiki,,,,ΠΑΝΑΧΑΪΚΗ,,
1534,10755,aigaleo,,,,ΑΙΓΑΛΕΩ,,
1535,10758,prooodeytiki,,,,ΠΡΟΟΟΔΕΥΤΙΚΗ,,
1536,10759,xanthi,,,,ΞΑΝΘΗ,,
1537,84,levadeiakos,,,,ΛΕΒΑΔΕΙΑΚΟΣ,,
1538,10761,kalamata,,,,ΚΑΛΑΜΑΤΑ,,
1539,10823,kifisia,,,,ΚΗΦΙΣΙΑ,,
1540,11263,acheron-kanalakioy,,,,ΑΧΕΡΩΝ ΚΑΝΑΛΑΚΙΟΥ,,
1541,11329,ilioypoli,,,,ΗΛΙΟΥΠΟΛΗ,,
1542,11333,leykimmi,,,,ΛΕΥΚΙΜΜΗ,,
1543,11387,kallithea,,,,ΚΑΛΛΙΘΕΑ,,
1544,11651,of-ierapetra,,,,ΟΦ ΙΕΡΑΠΕΤΡΑ,,
1545,11652,panathinaikos-v,,,,ΠΑΝΑΘΗΝΑΪΚΟΣ Β',,
1546,11654,rodos,,,,ΡΟΔΟΣ,,
1547,11657,aek-v,,,,ΑΕΚ Β',,
1548,11665,ivata,,,,ΙΒΑΤΑ,,
1549,2067,olympiakos-v,,,,ΟΛΥΜΠΙΑΚΟΣ Β.,,
1550,13722,olympiakos-v,,,,ΟΛΥΜΠΙΑΚΟΣ Β',,
1551,13723,paok-v,,,,ΠΑΟΚ Β',,
1552,14094,karaiskakis,,,,ΚΑΡΑΪΣΚΑΚΗΣ,,
1553,14303,episkopi,,,,ΕΠΙΣΚΟΠΗ,,
1554,14396,zakynthos,,,,ΖΑΚΥΝΘΟΣ,,
1555,979,rovaniemi,,,,ΡΟΒΑΝΙΕΜΙ,,
1556,14611,chania,,,,ΧΑΝΙΑ,,
1557,14616,asteras-vlachioti,,,,ΑΣΤΕΡΑΣ ΒΛΑΧΙΩΤΗ,,
1558,111,apollon-pontoy,,,,ΑΠΟΛΛΩΝ ΠΟΝΤΟΥ,,
1559,15179,perth-gklori,,,,ΠΕΡΘ ΓΚΛΟΡΙ,,
1560,15180,adelai,,,,ΑΔΕΛΑΪ́ΔΑ,,
1561,15182,goyonterers,,,,ΓΟΥΟΝΤΕΡΕΡΣ,,
1562,15183,sidnei,,,,ΣΙΔΝΕΪ,,
1563,15187,goyestern-g,,,,ΓΟΥΕΣΤΕΡΝ Γ.,,
1564,15311,mprismpein,,,,ΜΠΡΙΣΜΠΕΪΝ,,
1565,15528,makarthoyr,,,,ΜΑΚΑΡΘΟΥΡ,,
1566,1266,oyelingkton,,,,ΟΥΕΛΙΝΓΚΤΟΝ,,
1567,15530,nioykastl,,,,ΝΙΟΥΚΑΣΤΛ,,
1568,15820,larisa-panserraikos,,,,ΑΕ ΛΑΡΙΣΑ,,
1569,17395,mpaxton,,,,ΜΠΑΞΤΟΝ,,
1570,17406,gkeitschent,,,,ΓΚΕΪΤΣΧΕΝΤ,,
1571,18366,geonam,,,,ΓΕΟΝΑΜ,,
1572,19808,kasa-pia,,,,ΚΑΣΑ ΠΙΑ,,
1573,19810,leka,,,,ΛΕΚΑ,,
1574,19811,paredes,,,,ΠΑΡΕΔΕΣ,,
1575,20462,alkogiano,,,,ΑΛΚΟΓΙΑΝΟ,,
1576,20466,atl-mpaleares,,,,ΑΤΛ. ΜΠΑΛΕΑΡΕΣ,,
1577,20468,linares,,,,ΛΙΝΑΡΕΣ,,
1578,20505,machadaonta,,,,ΜΑΧΑΔΑΟΝΤΑ,,
1579,20507,atl-mantsa-real,,,,ΑΤΛ. ΜΑΝΤΣΑ ΡΕΑΛ,,
1580,20578,nioykastl,,,,ΝΙΟΥΚΑΣΤΛ,,
1581,20597,everton,,,,ΕΒΕΡΤΟΝ,,
1582,20685,liverpoyl,,,,ΛΙΒΕΡΠΟΥΛ,,
1583,20694,arsenal,,,,ΑΡΣΕΝΑΛ,,
1584,20811,aithiopia,,,,ΑΙΘΙΟΠΙΑ,,
1585,20812,pr-akrotiri,,,,ΠΡ. ΑΚΡΩΤΗΡΙ,,
1586,20815,kameroyn,,,,ΚΑΜΕΡΟΥΝ,,
1587,20816,mpoyrkina-faso,,,,ΜΠΟΥΡΚΙΝΑ ΦΑΣΟ,,
1588,20845,komoros,,,,ΚΟΜΟΡΟΣ,,
1589,20846,gkampon,,,,ΓΚΑΜΠΟΝ,,
1590,20848,goyinea,,,,ΓΟΥΙΝΕΑ,,
1591,20849,malaoyi,,,,ΜΑΛΑΟΥΙ,,
1592,20851,maroko,,,,ΜΑΡΟΚΟ,,
1593,20852,gkana,,,,ΓΚΑΝΑ,,
1594,20854,senegali,,,,ΣΕΝΕΓΑΛΗ,,
1595,20855,zimpampoye,,,,ΖΙΜΠΑΜΠΟΥΕ,,
1596,20878,soydan,,,,ΣΟΥΔΑΝ,,
1597,20879,goyinea-mpisaoy,,,,ΓΟΥΙΝΕΑ ΜΠΙΣΑΟΥ,,
1598,20882,nigiria,,,,ΝΙΓΗΡΙΑ,,
1599,20883,aigyptos,,,,ΑΙΓΥΠΤΟΣ,,
1600,20885,algeria,,,,ΑΛΓΕΡΙΑ,,
1601,20886,siera-leone,,,,ΣΙΕΡΑ ΛΕΟΝΕ,,
1602,20922,mayritania,,,,ΜΑΥΡΙΤΑΝΙΑ,,
1603,20923,gkampia,,,,ΓΚΑΜΠΙΑ,,
1604,20925,tynisia,,,,ΤΥΝΗΣΙΑ,,
1605,20926,mali,,,,ΜΑΛΙ,,
1606,20934,goyinea-isim,,,,ΓΟΥΙΝΕΑ ΙΣΗΜ.,,
1607,20935,akti-elefantostoy,,,,ΑΚΤΗ ΕΛΕΦΑΝΤΟΣΤΟΥ,,
1608,21513,dvs-33,,,,DVS 33,,
1609,21552,exelsior-maaslaoys,,,,ΕΞΕΛΣΙΟΡ ΜΑΑΣΛΑΟΥΣ,,
1610,21939,sentral-kooyst,,,,ΣΕΝΤΡΑΛ ΚΟΟΥΣΤ,,
1611,22109,oynion-sent-ziloya,,,,ΟΥΝΙΟΝ ΣΕΝΤ ΖΙΛΟΥΑΖ,,
1612,22142,arsenal-u23,,,,ΑΡΣΕΝΑΛ U23,,
1613,22376,versaig,,,,ΒΕΡΣΑΪΓ,,
1614,22527,mperzerak,,,,ΜΠΕΡΖΕΡΑΚ,,
1615,23154,oyn-magkntalena,,,,ΟΥΝ. ΜΑΓΚΝΤΑΛΕΝΑ,,
1616,23157,la-ekidad,,,,ΛΑ ΕΚΙΔΑΔ,,
1617,23397,al-petrolera,,,,ΑΛ. ΠΕΤΡΟΛΕΡΑ,,
1618,23433,ntep-pereira,,,,ΝΤΕΠ. ΠΕΡΕΪΡΑ,,
1619,23436,int-mentegin,,,,ΙΝΤ. ΜΕΝΤΕΓΙΝ,,
1620,23437,kortoyloya,,,,ΚΟΡΤΟΥΛΟΥΑ,,
1621,23450,ivernton,,,,ΙΒΕΡΝΤΟΝ,,
1622,23519,ntep-lara,,,,ΝΤΕΠ. ΛΑΡΑ,,
1623,23562,mpiel-mpiene,,,,ΜΠΙΕΛ ΜΠΙΕΝΕ,,
1624,23565,etoyal-karoyz,,,,ΕΤΟΥΑΛ ΚΑΡΟΥΖ,,
1625,24912,gkimtseon,,,,ΓΚΙΜΤΣΕΟΝ,,
1626,25085,everton,,,,ΕΒΕΡΤΟΝ,,
1627,25086,monagkas,,,,ΜΟΝΑΓΚΑΣ,,
1628,25193,oyn-katolika,,,,ΟΥΝ. ΚΑΤΟΛΙΚΑ,,
1629,25205,gkoyarani,,,,ΓΚΟΥΑΡΑΝΙ,,
1630,25514,sarlot,,,,ΣΑΡΛΟΤ,,
1631,1053,rogial-pari,,,,ΡΟΓΙΑΛ ΠΑΡΙ,,
1632,27113,est-merida,,,,ΕΣΤ. ΜΕΡΙΔΑ,,
1633,27114,metropolitanos,,,,ΜΕΤΡΟΠΟΛΙΤΑΝΟΣ,,
1634,27127,kampagiero,,,,ΚΑΜΠΑΓΙΕΡΟ,,
1635,27299,nasional,,,,ΝΑΣΙΟΝΑΛ,,
1636,27301,goyonterers,,,,ΓΟΥΟΝΤΕΡΕΡΣ,,
1637,27305,ermanos-kolmenares,,,,ΕΡΜΑΝΟΣ ΚΟΛΜΕΝΑΡΕΣ,,
1638,27306,ntep-la-gkoyai,,,,ΝΤΕΠ. ΛΑ ΓΚΟΥΑΪ́ΡΑ,,
1639,27328,liverpoyl,,,,ΛΙΒΕΡΠΟΥΛ,,
1640,27329,river,,,,ΡΙΒΕΡ,,
1641,27490,mparakas-sentral,,,,ΜΠΑΡΑΚΑΣ ΣΕΝΤΡΑΛ,,
1642,683,kongksvingker,,,,ΚΟΝΓΚΣΒΙΝΓΚΕΡ,,
1643,28022,narnto,,,,ΝΑΡΝΤΟ,,
1644,28031,river,,,,ΡΙΒΕΡ,,
1645,28277,onisilos,,,,ΟΝΗΣΙΛΟΣ,,
1646,273,,,,честер,ΤΣΕΣΤΕΡ,,
1647,377,las-palmas,,,лас пальмас,ΛΑΣ ΠΑΛΜΑΣ,,
1648,238,,,,олдерсот,ΟΛΝΤΕΡΣΟΤ,,
1649,99,,,,панахаики,ΠΑΝΑΧΑΙΚΗ,,
1650,86,aris,,,арис,ΑΡΗΣ,,
1651,358,alaves,,,алавес,ΑΛΑΒΕΣ,,
1652,137,foylam,,,фулам,ΦΟΥΛΑΜ,,
1653,224,linkoln,,,линколн,ΛΙΝΚΟΛΝ,,
1654,153,milgoyol,,,милвоул,ΜΙΛΓΟΥΟΛ,,
1655,345,vagiadolid,,,валядолид,ΒΑΓΙΑΔΟΛΙΔ,,
1656,190,flitgoynt,,,флитгуд,ΦΛΙΤΓΟΥΝΤ,,
1657,176,mpristol-s,,,пристол,ΜΠΡΙΣΤΟΛ Σ.,,
1658,105,trikala,,,трикала,ΤΡΙΚΑΛΑ,,
1659,204,mansfilnt,,,мансфилд,ΜΑΝΣΦΙΛΝΤ,,
1660,274,,,,саутпорт,ΣΑΟΥθΠΟΡΤ,,
1661,255,,,,нанитон,ΝΑΝΙΤΟΝ,,
1662,258,,,,лимингтон,ΛΙΜΙΝΓΚΤΟΝ,,
1663,331,monacho-1860,,,мюних 1860,ΜΟΝΑΧΟ 1860,,
1664,154,kpr,,,кпр,ΚΠΡ,,
1665,356,oyeska,,,уеска,ΟΥΕΣΚΑ,,
1666,268,,,,фк юнайтед,FC ΓΙΟΥΝΑΙΤΕΝΤ,,
1667,173,mpolton,,,болтон,ΜΠΟΛΤΟΝ,,
1668,185,goyolsol,,,волсол,ΓΟΥΟΛΣΟΛ,,
1669,282,,,,айнтрахт фр,ΑΙΝΤΡΑΧΤ ΦΡ.,,
1670,164,mpermigcham,,,бермигам,ΜΠΕΡΜΙΓΧΑΜ,,
1671,313,ntarmstant,,,дармштад,ΝΤΑΡΜΣΤΑΝΤ,,
1672,100,,,,аок керкира,ΑΟΚ ΚΕΡΚΥΡΑ,,
1673,305,ingkolstant,,,инголштад,ΙΝΓΚΟΛΣΤΑΝΤ,,
1674,125,,,,орфеас ксантис,ΟΡΦΕΑΣ ΞΑΝθΗΣ,,
1675,113,,,,платаньяс,ΠΛΑΤΑΝΙΑΣ,,
1676,304,,,,холстейн кил,ΧΟΛΣΤΑΙΝ ΚΙΛ,,
1677,263,kinterminster,,,кидерминтсер,ΚΙΝΤΕΡΜΙΝΣΤΕΡ,,
1678,250,,,,мейденхент,ΜΕΙΝΤΕΝΧΕΝΤ,,
1679,349,atletiko,,,атлетико мадрид,ΑΤΛΕΤΙΚΟ,,
1680,174,chal,,,хал,ΧΑΛ,,
1681,352,real,,, мадрид,ΡΕΑΛ,,
1682,109,,,,спарти,ΣΠΑΡΤΗ,,
1683,253,,,,астон,ΑΣΤΟΝ,,
1684,267,,,,херефорд,ΧΕΡΕΦΟΡΝΤ,,
1685,280,annovero,,,хановер,ΑΝΝΟΒΕΡΟ,,
1686,362,eltse,,,елче,ΕΛΤΣΕ,,
1687,366,osasoyna,,,осасуна,ΟΣΑΣΟΥΝΑ,,
1688,89,apollon,,,апполон,ΑΠΟΛΛΩΝ,,
1689,87,larisa,,,лариса,ΛΑΡΙΣΑ,,
1690,168,rentingk,,,рединг,ΡΕΝΤΙΝΓΚ,,
1691,306,regkensmpoyrgk,,,регенсбург,ΡΕΓΚΕΝΣΜΠΟΥΡΓΚ,,
1692,163,goyest-mprom,,,вест бром,ΓΟΥΕΣΤ ΜΠΡΟΜ,,
1693,146,,,,нюкастл,ΝΙΟΥΚΑΣΤΛ,,
1694,170,notigcham,,,нотингам,ΝΟΤΙΓΧΑΜ,,
1695,261,,,,дарлингтон,ΝΤΑΡΛΙΝΓΚΤΟΝ,,
1696,132,karntif,,,кардиф,ΚΑΡΝΤΙΦ,,
1697,259,,,,блеит,ΜΠΛΑΙθ ΣΠ.,,
1698,243,solichal,,,солихал,ΣΟΛΙΧΑΛ,,
1699,122,,,,аетос орфану,ΑΕΤΟΣ ΟΡΦΑΝΟΥ,,
1700,200,,,,роцдейл,ΡΟΤΣΝΤΕΙΛ,,
1701,178,,,,портсмут,ΠΟΡΤΣΜΟΥθ,,
1702,106,,,,эгиниакос,ΑΙΓΙΝΙΑΚΟΣ,,
1703,279,gklantmpach,,,гладбах,ΓΚΛΑΝΤΜΠΑΧ,,
1704,96,asteras-tr,,,астерас триполис,ΑΣΤΕΡΑΣ ΤΡ.,,
1705,114,,,,докса драмас,ΔΟΞΑ ΔΡ.,,
1706,286,fortoyna-nt,,,фортуна дортмунд,ΦΟΡΤΟΥΝΑ ΝΤ.,,
1707,244,,,,халифакс,ΧΑΛΙΦΑΞ,,
1708,330,karlsroyi,,,карлсруе,ΚΑΡΛΣΡΟΥΗ,,
1709,179,oxfornt,,,оксфорд,ΟΞΦΟΡΝΤ,,
1710,360,magiorka,,,майорка,ΜΑΓΙΟΡΚΑ,,
1711,189,mprantfornt,,,брадфорд,ΜΠΡΑΝΤΦΟΡΝΤ,,
1712,407,,,,палермо,ΠΑΛΕΡΜΟ,,
1713,350,chirona,,,хирона,ΧΙΡΟΝΑ,,
1714,264,,,,керзон,ΚΕΡΖΟΝ,,
1715,206,koltsester,,,колчечтер,ΚΟΛΤΣΕΣΤΕΡ,,
1716,298,kolonia,,,келн,ΚΟΛΩΝΙΑ,,
1717,346,leganes,,,леганес,ΛΕΓΑΝΕΣ,,
1718,257,,,,телфорд,ΤΕΛΦΟΡΝΤ,,
1719,369,granada,,,гранада,ΓΡΑΝΑΔΑ,,
1720,191,mperton,,,бертон,ΜΠΕΡΤΟΝ,,
1721,335,,,,кайсерслаутерн,ΚΑΙΖΕΡΣΛΑΟΥΤΕΡΝ,,
1722,124,,,,александропулис,ΕθΝ. ΑΛΕΞΑΝΔΡΟΥΠΟΛΗΣ,,
1723,171,lints,,,лидс,ΛΙΝΤΣ,,
1724,121,,,,аспида ксантис,ΑΣΠΙΔΑ ΞΑΝθΗΣ,,
1725,107,nps-volos,,,НПС волос,ΝΠΣ ΒΟΛΟΣ,,
1726,133,mpernli,,,бэрнли,ΜΠΕΡΝΛΙ,,
1727,361,tenerifi,,,тенерифи,ΤΕΝΕΡΙΦΗ,,
1728,364,loygo,,,луго,ΛΟΥΓΟ,,
1729,354,vigiareal,,,виляреал,ΒΙΓΙΑΡΕΑΛ,,
1730,142,goylvs,,,вулвс,ΓΟΥΛΒΣ,,
1731,245,saton,,,сатон,ΣΑΤΟΝ,,
1732,155,mprentfornt,,,бредфорд,ΜΠΡΕΝΤΦΟΡΝΤ,,
1733,141,goyotfornt,,,вотфорд,ΓΟΥΟΤΦΟΡΝΤ,,
1734,205,,,,бери,ΜΠΕΡΙ,,
1735,127,,,,арис авату,ΑΡΗΣ ΑΒΑΤΟΥ,,
1736,248,,,,барнет,ΜΠΑΡΝΕΤ,,
1737,117,,,,пао косму,ΠΑΟ ΚΟΣΜΙΟΥ,,
1738,232,,,,мейнстоун,ΜΕΙΝΤΣΤΟΟΥΝ,,
1739,266,stokport,,,стокпорт,ΣΤΟΚΠΟΡΤ,,
1740,231,,,,бромли,ΜΠΡΟΜΛΙ,,
1741,310,oynion-ver,,,юнион берлин,ΟΥΝΙΟΝ ΒΕΡ.,,
1742,139,man-siti,,,ман сити,ΜΑΝ. ΣΙΤΙ,,
1743,169,norits,,,норич,ΝΟΡΙΤΣ,,
1744,128,,,,аполлон паралимниу,ΑΠΟΛΛΩΝ ΠΑΡΑΛΙΜΝΙΟΥ,,
1745,82,atromitos,,,атромитос,ΑΤΡΟΜΗΤΟΣ,,
1746,233,,,,истли,ΙΣΤΛΙ,,
1747,269,,,,олтрингам,ΟΛΤΡΙΝΓΧΑΜ,,
1748,357,thelta,,,селта,ΘΕΛΤΑ,,
1749,295,,,,майнц,ΜΑΙΝΤΣ,,
1750,129,,,,нестос,ΝΕΣΤΟΣ ΧΡΥΣ.,,
1751,312,san-paoyli,,,сан паули,ΣΑΝ ΠΑΟΥΛΙ,,
1752,368,oviedo,,,овиедо,ΟΒΙΕΔΟ,,
1753,341,mpetis,,,бетис,ΜΠΕΤΙΣ,,
1754,326,,,,цвикау,ΤΣΒΙΚΑΟΥ,,
1755,308,,,,магдембург,ΜΑΓΔΕΜΒΟΥΡΓΟ,,
1756,351,chetafe,,,гетафе,ΧΕΤΑΦΕ,,
1757,159,mintlesmpro,,,мидлсборо,ΜΙΝΤΛΕΣΜΠΡΟ,,
1758,318,,,,халестер,ΧΑΛΕΣΕΡ,,
1759,101,apollon-lar,,,апполон ларисас,ΑΠΟΛΛΩΝ ΛΑΡ.,,
1760,151,,,,арсенал,ΑΡΣΕΝΑΛ,,
1761,288,stoytgardi,,,штудгард,ΣΤΟΥΤΓΑΡΔΗ,,
1762,215,,,,нортамптон,ΝΟΡθΑΜΠΤΟΝ,,
1763,149,,,,борнмоунт,ΜΠΟΡΝΜΟΥθ,,
1764,182,koventri,,,ковентри,ΚΟΒΕΝΤΡΙ,,
1765,103,ergotelis,,,эрготелис,ΕΡΓΟΤΕΛΗΣ,,
1766,374,malaga,,,малага,ΜΑΛΑΓΑ,,
1767,271,,,,алфретон,ΑΛΦΡΕΤΟΝ,,
1768,239,mporam,,,борам,ΜΠΟΡΑΜ,,
1769,136,lester,,,лестер,ΛΕΣΤΕΡ,,
1770,285,nyremvergi,,,ниремберг,ΝΥΡΕΜΒΕΡΓΗ,,
1771,367,alkorkon,,,алкоркон,ΑΛΚΟΡΚΟΝ,,
1772,241,,,,лейтон ор,ΛΕΙΤΟΝ ΟΡ.,,
1773,134,,,,ливерпул,ΛΙΒΕΡΠΟΥΛ,,
1774,242,,,,фаилд,ΦΑΙΛΝΤ,,
1775,309,aoye,,,АУЕ,ΑΟΥΕ,,
1776,299,pantermporn,,,падерборн,ΠΑΝΤΕΡΜΠΟΡΝ,,
1777,172,ipsoyits,,,ипсвич,ΙΠΣΟΥΙΤΣ,,
1778,216,krooyli,,,кроули,ΚΡΟΟΥΛΙ,,
1779,225,,,,гримсби,ΓΚΡΙΜΣΜΠΙ,,
1780,256,,,,бракли,ΜΠΡΑΚΛΙ,,
1781,222,giovil,,,иовил,ΓΙΟΒΙΛ,,
1782,219,nots-kaoynti,,,нотс каунти,ΝΟΤΣ ΚΑΟΥΝΤΙ,,
1783,90,,,,панатаниакос,ΠΑΝΑθΗΝΑΙΚΟΣ,,
1784,303,mpochoym,,,бохум,ΜΠΟΧΟΥΜ,,
1785,92,paok,,,паок,ΠΑΟΚ,,
1786,290,cherta,,,герта,ΧΕΡΤΑ,,
1787,246,,,,хавант,ΧΑΒΑΝΤ,,
1788,287,aoygksmpoyrgk,,,аугсбург,ΑΟΥΓΚΣΜΠΟΥΡΓΚ,,
1789,126,,,,пансерраикос,ΠΑΝΣΕΡΡΑΙΚΟΣ,,
1790,162,roderam,,,родерам,ΡΟΔΕΡΑΜ,,
1791,193,,,,плимут,ΠΛΙΜΟΥθ,,
1792,167,preston,,,престон,ΠΡΕΣΤΟΝ,,
1793,339,levante,,,леванте,ΛΕΒΑΝΤΕ,,
1794,83,aek,,,АЕК,ΑΕΚ,,
1795,135,tselsi,,,челси,ΤΣΕΛΣΙ,,
1796,262,,,,йорк,ΓΙΟΡΚ,,
1797,333,chansa-r,,,ханса,ΧΑΝΣΑ Ρ.,,
1798,104,iraklis,,,ираклис,ΗΡΑΚΛΗΣ,,
1799,160,ntermpi,,,дерби,ΝΤΕΡΜΠΙ,,
1800,186,mparnsli,,,барнсли,ΜΠΑΡΝΣΛΙ,,
1801,118,,,,каламбакию,ΑΕ ΚΑΛΑΜΠΑΚΙΟΥ,,
1802,209,soyinton,,,свидон,ΣΟΥΙΝΤΟΝ,,
1803,148,,,,саутемптон,ΣΑΟΥθΑΜΠΤΟΝ,,
1804,150,kr-palas,,,кристал палас,ΚΡ. ΠΑΛΑΣ,,
1805,198,mplakpoyl,,,блакпул,ΜΠΛΑΚΠΟΥΛ,,
1806,272,,,,брадфорд,ΜΠΡΑΝΤΦΟΡΝΤ PA,,
1807,370,almeria,,,алмерия,ΑΛΜΕΡΙΑ,,
1808,158,soyonsi,,,свонси,ΣΟΥΟΝΣΙ,,
1809,344,vagiekano,,,райо валекано,ΒΑΓΙΕΚΑΝΟ,,
1810,88,ofi,,,ОФИ,ΟΦΗ,,
1811,251,ntagkenam,,,дагенам,ΝΤΑΓΚΕΝΑΜ,,
1812,327,,,,вихен,ΒΙΧΕΝ,,
1813,119,kavala,,,кавала,ΚΑΒΑΛΑ,,
1814,161,mplakmpern,,,блакберн,ΜΠΛΑΚΜΠΕΡΝ,,
1815,292,volfsmpoyrgk,,,вольсбург,ΒΟΛΦΣΜΠΟΥΡΓΚ,,
1816,301,amvoyrgo,,,гамбург,ΑΜΒΟΥΡΓΟ,,
1817,314,,,,хаиндейхайм,ΧΑΙΝΤΕΝΧΑΙΜ,,
1818,265,,,,цорли,ΤΣΟΡΛΙ,,
1819,97,,,,ксанти,ΞΑΝθΗ,,
1820,188,goyikom,,,виком,ΓΟΥΙΚΟΜ,,
1821,249,rexam,,,рэксам,ΡΕΞΑΜ,,
1822,208,,,,маклсфилд,ΜΑΚΛΣΦΙΛΝΤ,,
1823,260,,,,гаисли,ΓΚΑΙΣΛΙ,,
1824,217,olntam,,,олдам,ΟΛΝΤΑΜ,,
1825,181,mpristol-r,,,бристол роверс,ΜΠΡΙΣΤΟΛ Ρ.,,
1826,226,,,,карлайл,ΚΑΡΛΑΙΛ,,
1827,270,,,,бостон,ΜΠΟΣΤΟΝ,,
1828,237,salfornt,,,салфорд,ΣΑΛΦΟΡΝΤ,,
1829,102,,,,карескакис,ΚΑΡΑΙΣΚΑΚΗΣ,,
1830,183,ntonkaster,,,донкастер,ΝΤΟΝΚΑΣΤΕΡ,,
1831,322,,,,мепен,ΜΕΠΕΝ,,
1832,120,,,,александрос килкис,ΑΛΕΞΑΝΔΡΟΣ ΚΙΛΚΙΣ,,
1833,143,totenam,,,тотенам,ΤΟΤΕΝΑΜ,,
1834,212,tseltenam,,,целтенам,ΤΣΕΛΤΕΝΑΜ,,
1835,293,mpagern,,,байерн,ΜΠΑΓΕΡΝ,,
1836,112,irodotos,,,иродотос,ΗΡΟΔΟΤΟΣ,,
1837,236,,,,гейтсхент,ΓΚΕΙΤΣΧΕΝΤ,,
1838,247,tsesterfilnt,,,честерфилд,ΤΣΕΣΤΕΡΦΙΛΝΤ,,
1839,221,mk-ntons,,,мк донс,ΜΚ ΝΤΟΝΣ,,
1840,254,,,,спенимур,ΣΠΕΝΙΜΟΥΡ,,
1841,91,olympiakos,,,олимпиакос,ΟΛΥΜΠΙΑΚΟΣ,,
1842,138,,,,брайтон,ΜΠΡΑΙΤΟΝ,,
1843,211,kempritz,,,кэмбридж,ΚΕΜΠΡΙΤΖ,,
1844,220,tranmir,,,транмир,ΤΡΑΝΜΙΡ,,
1845,284,ntortmoynt,,,боррусия,ΝΤΟΡΤΜΟΥΝΤ,,
1846,210,,,,порт вейл,ΠΟΡΤ ΒΕΙΛ,,
1847,140,,,,эвертон,ΕΒΕΡΤΟΝ,,
1848,289,vernter-vr,,,вердер,ΒΕΡΝΤΕΡ ΒΡ.,,
1849,230,chartlpoyl,,,хартпул,ΧΑΡΤΛΠΟΥΛ,,
1850,110,,,,аититтос спатон,ΑΗΤΤΗΤΟΣ ΣΠΑΤΩΝ,,
1851,332,,,,оснабрик,ΟΣΝΑΜΠΡΙΚ,,
1852,95,panaitolikos,,,панатолиакос,ΠΑΝΑΙΤΩΛΙΚΟΣ,,
1853,196,srioysmperi,,,шрусбери,ΣΡΙΟΥΣΜΠΕΡΙ,,
1854,184,tziligcham,,,цилингам,ΤΖΙΛΙΓΧΑΜ,,
1855,342,espaniol,,,эспаньол,ΕΣΠΑΝΙΟΛ,,
1856,291,leverkoyzen,,,леверкузен,ΛΕΒΕΡΚΟΥΖΕΝ,,
1857,218,exeter,,,эксетер,ΕΞΕΤΕΡ,,
1858,372,saragosa,,,сарагоса,ΣΑΡΑΓΟΣΑ,,
1859,340,mpartselona,,,барселона,ΜΠΑΡΤΣΕΛΟΝΑ,,
1860,116,,,,етники сидирокастру,ΕθΝ. ΣΙΔΗΡΟΚΑΣΤΡΟΥ,,
1861,229,,,,харогейт,ΧΑΡΟΓΚΕΙΤ,,
1862,311,zantchaoyzen,,,занжхаузен,ΖΑΝΤΧΑΟΥΖΕΝ,,
1863,320,,,,браунсвайг,ΜΠΡΑΟΥΝΣΒΑΙΓΚ,,
1864,192,loyton,,,лутон,ΛΟΥΤΟΝ,,
1865,123,,,,керавнос,ΚΕΡΑΥΝΟΣ ΠΕΡΝΗΣ,,
1866,187,,,,саутент,ΣΑΟΥθΕΝΤ,,
1867,235,,,,эмпсфлид,ΕΜΠΣΦΛΙΤ,,
1868,157,aston-vila,,,астон вила,ΑΣΤΟΝ ΒΙΛΑ,,
1869,108,,,,киссамикос,ΚΙΣΣΑΜΙΚΟΣ,,
1870,283,salke,,,шалке,ΣΑΛΚΕ,,
1871,214,kroy,,,кру,ΚΡΟΥ,,
1872,300,arminia-mp,,,арминия билефилд,ΑΡΜΙΝΙΑ ΜΠ.,,
1873,201,tsarlton,,,чарлтон,ΤΣΑΡΛΤΟΝ,,
1874,347,sosiedad,,,сосиедад,ΣΟΣΙΕΔΑΔ,,
1875,353,sevilli,,,севили,ΣΕΒΙΛΛΗ,,
1876,302,,,,дуисбург,ΝΤΟΥΙΣΜΠΟΥΡΓΚ,,
1877,228,,,,мрейнтри,ΜΠΡΕΙΝΤΡΙ,,
1878,197,akringkton,,,акрингтон,ΑΚΡΙΝΓΚΤΟΝ,,
1879,321,,,,виртцбургер,ΒΙΡΤΣΜΠΟΥΡΓΚΕΡ,,
1880,29611,fortalesa,,,,ΦΟΡΤΑΛΕΣΑ,,
1881,29613,real-santanter,,,,ΡΕΑΛ ΣΑΝΤΑΝΤΕΡ,,
1882,29891,mpromapoikarna,,,,ΜΠΡΟΜΑΠΟΪΚΑΡΝΑ,,
1883,30197,skevnte,,,,ΣΚΕΒΝΤΕ,,
1884,30199,oytsiktens,,,,ΟΥΤΣΙΚΤΕΝΣ,,
1885,30213,chrantets-kralove,,,,ΧΡΑΝΤΕΤΣ ΚΡΑΛΟΒΕ,,
1886,30457,skeint,,,,ΣΚΕΪΝΤ,,
1887,30498,karakas,,,,ΚΑΡΑΚΑΣ,,
1888,30501,everton,,,,ΕΒΕΡΤΟΝ,,
1889,30521,oyn-katolika,,,,ΟΥΝ. ΚΑΤΟΛΙΚΑ,,
1890,30588,nasional,,,,ΝΑΣΙΟΝΑΛ,,
1891,30654,olgoyeis-renti,,,,ΟΛΓΟΥΕΪΣ ΡΕΝΤΙ,,
1892,30804,rasingk,,,,ΡΑΣΙΝΓΚ,,
1893,30829,int-petrolero,,,,ΙΝΤ. ΠΕΤΡΟΛΕΡΟ,,
1894,30832,ntep-tatsira,,,,ΝΤΕΠ. ΤΑΤΣΙΡΑ,,
1895,30987,tompense,,,,ΤΟΜΠΕΝΣΕ,,
1896,30998,itoyano,,,,ΙΤΟΥΑΝΟ,,
1897,31626,novorizontino,,,,ΝΟΒΟΡΙΖΟΝΤΙΝΟ,,
1898,1096,krisioyma,,,,ΚΡΙΣΙΟΥΜΑ,,
1899,38235,https:mobile.matchmoney.com.granaluseis-agonon%cf%83%ce%b1%ce%ba%cf%81%ce%b1%ce%bc%ce%b5%ce%bd%cf%84%ce%bf,,,,ΣΑΚΡΑΜΕΝΤΟ Ρ.,,
1900,38236,,,,,ΣΑΝ ΧΟΣΕ,,
1901,38241,,,,,ΟΥΝΙΟΝ ΟΜΑΧΑ,,
1902,38245,https:mobile.matchmoney.com.granaluseis,,,,ΛΟΥΙΣΒΙΛ,,
1903,38446,https:mobile.matchmoney.com.granaluseis-agonon%ce%bc%ce%b5%cf%8a%ce%b6%ce%bf%cf%85,,,,ΜΕΪΖΟΥ ΧΑΚΑ,,
1904,38450,,,,,ΤΣΕΝΓΚΝΤΟΥ,,
1905,38469,agonon%cf%87%ce%b5%ce%bc%cf%80%ce%b5%cf%8a-%ce%b3%ce%bf%cf%85%cf%87%ce%b1%ce%bd,,,,ΓΟΥΧΑΝ Θ.Τ.,,
1906,38471,,,,,ΖΕΤΖΙΑΝΓΚ,,
